oraciones,tiempo_preprocesado,puntaje_positivo,puntaje_negativo,tiempo_lexico,pos_bajo,pos_medio,pos_alto,neg_bajo,neg_medio,neg_alto,tiempo_fuzzi,sentimiento_final,Tiempo_Base_reglas,clase_sentimiento,tiempo_defuzzificacion
i loovvee my kindle not that the dx is cool but the is fantastic in its own right,0.003678560256958,1.0,0.0,0.0004031658172607,0.0,0.0,1.0,0.0,0.0,0.0,0.0044844150543212,8.333333333333334,0.0042884349822998,Positivo,1.430511474609375e-06
reading my kindle love it lee childs is good read,0.0004382133483886,1.0,0.0,0.0002202987670898,0.0,0.0,1.0,0.0,0.0,0.0,0.0002260208129882,8.333333333333334,0.0001196861267089,Positivo,9.5367431640625e-07
ok first assesment of the kindle it fucking rocks,0.0004000663757324,1.0,0.0,0.0001564025878906,0.0,0.0,1.0,0.0,0.0,0.0,0.0001959800720214,8.333333333333334,0.0001215934753417,Positivo,2.384185791015625e-07
you ll love your kindle i ve had mine for a few months and never looked back the new big one is huge no need for remorse,0.0006656646728515,0.8379157161724097,0.1620842838275903,0.0004045963287353,0.0,0.3241685676551806,0.6758314323448193,0.6758314323448193,0.3241685676551806,0.0,0.0001928806304931,5.7933138471790935,0.0055391788482666,Neutral,2.384185791015625e-07
fair enough but i have the kindle and i think itis perfect,0.0004425048828125,1.0,0.0,0.0001814365386962,0.0,0.0,1.0,0.0,0.0,0.0,0.0001938343048095,8.333333333333334,0.0001299381256103,Positivo,0.0
no it is too big i m quite happy with the kindle,0.0004124641418457,0.8189463847681345,0.1810536152318654,0.0001795291900634,0.0,0.3621072304637309,0.637892769536269,0.6378927695362693,0.3621072304637308,0.0,0.000176191329956,5.598319147839652,0.0049035549163818,Neutral,2.384185791015625e-07
fuck this economy i hate aig and their non loan given asses,0.0004482269287109,0.0,1.0,0.000192642211914,0.0,0.0,0.0,0.0,0.0,1.0,0.0001823902130126,1.6666666666666663,0.0039806365966796,Negativo,2.384185791015625e-07
jquery is my new best friend,0.0003309249877929,1.0,0.0,0.0001342296600341,0.0,0.0,1.0,0.0,0.0,0.0,0.000187873840332,8.333333333333334,0.0001282691955566,Positivo,0.0
loves twitter,0.0002853870391845,1.0,0.0,4.8160552978515625e-05,0.0,0.0,1.0,0.0,0.0,0.0,0.0001876354217529,8.333333333333334,0.0001125335693359,Positivo,2.384185791015625e-07
how can you not love obama he makes jokes about himself,0.0004186630249023,0.1968559694094321,0.8031440305905679,0.00020432472229,0.6062880611811359,0.3937119388188642,0.0,0.0,0.3937119388188641,0.6062880611811359,0.0001800060272216,4.101079615954222,0.004267930984497,Neutral,0.0
i firmly believe that obama pelosi have zero desire to be civil itis a charade and a slogan but they want to destroy conservatism,0.0006837844848632,0.1505452821242295,0.8494547178757705,0.0003571510314941,0.6989094357515411,0.301090564248459,0.0,0.0,0.3010905642484589,0.6989094357515411,0.0001900196075439,3.75888324363049,0.0038940906524658,Neutral,0.0
house correspondents dinner was last night whoopi barbara amp sherri went obama got a standing ovation,0.0005567073822021,0.0,0.0,0.0002262592315673,0.0,0.0,0.0,0.0,0.0,0.0,0.0001797676086425,8.333333333333334,0.004601240158081,Positivo,0.0
watchin espn jus seen this new nike commerical with a puppet lebron sh t was hilarious laughing my ass off,0.0005903244018554,0.8027586206896552,0.1972413793103448,0.0002932548522949,0.0,0.3944827586206896,0.6055172413793104,0.6055172413793104,0.3944827586206896,0.0,0.0001900196075439,5.440907680084364,0.0046494007110595,Neutral,2.384185791015625e-07
dear nike stop with the flywire that shit is a waste of science and ugly love,0.0005433559417724,0.1884760366182014,0.8115239633817986,0.0002915859222412,0.6230479267635972,0.3769520732364028,0.0,0.0,0.3769520732364029,0.6230479267635971,0.0001735687255859,4.044189728119154,0.00411057472229,Neutral,2.384185791015625e-07
lebron best athlete of our generation if not all time basketball related i don t want to get into inter sport debates about,0.0006585121154785,1.0,0.0,0.0003325939178466,0.0,0.0,1.0,0.0,0.0,0.0,0.0001838207244873,8.333333333333334,0.0001266002655029,Positivo,2.384185791015625e-07
i was talking to this guy last night and he was telling me that he is a die hard spurs fan he also told me that he hates lebron james,0.0007152557373046,0.0660358762073723,0.9339641237926276,0.0004017353057861,0.8679282475852554,0.1320717524147446,0.0,0.0,0.1320717524147447,0.8679282475852552,0.00103759765625,2.864267546989057,0.0039236545562744,Negativo,2.384185791015625e-07
i love lebron,0.000270128250122,1.0,0.0,5.197525024414063e-05,0.0,0.0,1.0,0.0,0.0,0.0,0.000185489654541,8.333333333333334,0.0001969337463378,Positivo,2.384185791015625e-07
lebron is a beast but i m still cheering the a til the end,0.000446081161499,1.0,0.0,0.0001814365386962,0.0,0.0,1.0,0.0,0.0,0.0,0.0001935958862304,8.333333333333334,0.0001013278961181,Positivo,2.384185791015625e-07
lebron is the boss,0.0002930164337158,0.0,0.0,7.367134094238281e-05,0.0,0.0,0.0,0.0,0.0,0.0,0.0001730918884277,8.333333333333334,9.894371032714844e-05,Positivo,2.384185791015625e-07
lebron is a hometown hero to me laughing out loud i love the lakers but letis go cavs laughing out loud,0.0006024837493896,1.0,0.0,0.0004305839538574,0.0,0.0,1.0,0.0,0.0,0.0,0.0001921653747558,8.333333333333334,0.0001165866851806,Positivo,2.384185791015625e-07
lebron and zydrunas are such an awesome duo,0.0003714561462402,1.0,0.0,0.000246524810791,0.0,0.0,1.0,0.0,0.0,0.0,0.0001766681671142,8.333333333333334,9.846687316894533e-05,Positivo,0.0
lebron is a beast nobody in the nba comes even close,0.0004124641418457,0.0,0.0,0.0001888275146484,0.0,0.0,0.0,0.0,0.0,0.0,0.0001864433288574,8.333333333333334,9.894371032714844e-05,Positivo,0.0
downloading apps for my iphone so much fun there literally is an app for just about anything,0.0005466938018798,1.0,0.0,0.0002837181091308,0.0,0.0,1.0,0.0,0.0,0.0,0.0001697540283203,8.333333333333334,9.632110595703124e-05,Positivo,0.0
good news just had a call from the visa office saying everything is fine what a relief i am sick of scams out there stealing,0.0006628036499023,0.195754306594745,0.8042456934052549,0.0003907680511474,0.60849138681051,0.39150861318949,0.0,0.0,0.3915086131894902,0.6084913868105097,0.0001945495605468,4.093706910892108,0.0043129920959472,Neutral,0.0
awesome come back from via,0.0003023147583007,1.0,0.0,0.0001013278961181,0.0,0.0,1.0,0.0,0.0,0.0,0.0001728534698486,8.333333333333334,0.0001118183135986,Positivo,0.0
in montreal for a long weekend of r amp r much needed,0.0004165172576904,0.0,0.0,0.0001399517059326,0.0,0.0,0.0,0.0,0.0,0.0,0.0001826286315917,8.333333333333334,0.0001013278961181,Positivo,2.384185791015625e-07
booz allen hamilton has a bad ass homegrown social collaboration platform way cool ttiv,0.000514268875122,1.0,0.0,0.0002498626708984,0.0,0.0,1.0,0.0,0.0,0.0,0.0001957416534423,8.333333333333334,9.894371032714844e-05,Positivo,2.384185791015625e-07
mluc customer innovation award winner booz allen hamilton,0.0004043579101562,1.0,0.0,0.000190258026123,0.0,0.0,1.0,0.0,0.0,0.0,0.0002393722534179,8.333333333333334,9.846687316894533e-05,Positivo,2.384185791015625e-07
i current use the nikon d and love it but not as much as the canon d d i chose the d for the video feature my mistake,0.0006468296051025,0.2885714285714286,0.7114285714285715,0.0003054141998291,0.4228571428571428,0.5771428571428572,0.0,0.0,0.577142857142857,0.422857142857143,0.00018310546875,4.573946462017756,0.0039000511169433,Neutral,2.384185791015625e-07
google is always a good place to look should ve mentioned i worked on the mustang w my dad,0.0005388259887695,1.0,0.0,0.0002601146697998,0.0,0.0,1.0,0.0,0.0,0.0,0.0001890659332275,8.333333333333334,0.0001113414764404,Positivo,4.76837158203125e-07
played with an android google phone the slide out screen scares me i would break that fucker so fast still prefer my iphone,0.0006399154663085,0.0874845615479621,0.912515438452038,0.0003659725189208,0.8250308769040758,0.1749691230959242,0.0,0.0,0.174969123095924,0.825030876904076,0.0001821517944335,3.133908397873162,0.003896951675415,Negativo,0.0
us planning to resume the military tribunals at guantanamo bay only this time those on trial will be aig execs and chrysler debt holders,0.0006852149963378,0.0,1.0,0.0003588199615478,0.0,0.0,0.0,0.0,0.0,1.0,0.0002329349517822,1.6666666666666663,0.0001158714294433,Negativo,0.0
oh my god so bored amp my tattoos are so itchy help aha,0.0004358291625976,0.403852127990059,0.596147872009941,0.0002346038818359,0.192295744019882,0.807704255980118,0.0,0.0,0.807704255980118,0.192295744019882,0.0002422332763671,4.908640531073513,0.0042517185211181,Neutral,0.0
i m itchy and miserable,0.0003039836883544,0.0,1.0,7.557868957519531e-05,0.0,0.0,0.0,0.0,0.0,1.0,0.0001766681671142,1.6666666666666663,0.0001287460327148,Negativo,2.384185791015625e-07
no i m not itchy for now maybe later laughing out loud,0.000417947769165,0.8337266680969748,0.1662733319030251,0.0001773834228515,0.0,0.3325466638060503,0.6674533361939496,0.6674533361939499,0.3325466638060502,0.0,0.0001959800720214,5.749174983738907,0.0040256977081298,Neutral,2.384185791015625e-07
i love the nerdy stanford human biology videos makes me miss school,0.0004608631134033,0.8118144309147629,0.1881855690852369,0.0002176761627197,0.0,0.3763711381704742,0.6236288618295258,0.6236288618295263,0.3763711381704738,0.0,0.0001780986785888,5.5280291645417705,0.0045170783996582,Neutral,2.384185791015625e-07
has been a bit crazy with steep learning curve but lyx is really good for long docs for anything shorter it would be insane,0.0006535053253173,0.4657863145258103,0.5342136854741897,0.0003788471221923,0.0684273709483793,0.9315726290516206,0.0,0.0,0.9315726290516206,0.0684273709483793,0.000192642211914,4.968136066751791,0.0039241313934326,Neutral,2.384185791015625e-07
i m listening to p y t by danny gokey less than less than less than aww heis so amazing i less than him so much,0.000622272491455,1.0,0.0,0.0002343654632568,0.0,0.0,1.0,0.0,0.0,0.0,0.0001757144927978,8.333333333333334,0.0001165866851806,Positivo,2.384185791015625e-07
is going to sleep then on a bike ride,0.0003652572631835,0.0,0.0,0.0001235008239746,0.0,0.0,0.0,0.0,0.0,0.0,0.0001890659332275,8.333333333333334,0.0001161098480224,Positivo,2.384185791015625e-07
can not sleep my tooth is aching,0.0003349781036376,0.0,1.0,0.0001320838928222,0.0,0.0,0.0,0.0,0.0,1.0,0.0001742839813232,1.6666666666666663,9.989738464355467e-05,Negativo,0.0
blah blah blah same old same old no plans today going back to sleep i guess,0.0005207061767578,0.0,1.0,0.0002193450927734,0.0,0.0,0.0,0.0,0.0,1.0,0.0001909732818603,1.6666666666666663,9.72747802734375e-05,Negativo,0.0
glad i did not do bay to breakers today itis freaking degrees in san francisco what the fuck,0.0005393028259277,0.141820580474934,0.8581794195250659,0.0002775192260742,0.716358839050132,0.283641160949868,0.0,0.0,0.2836411609498681,0.7163588390501319,0.0001828670501708,3.685324847842272,0.0041723251342773,Neutral,2.384185791015625e-07
obama administration must stop bonuses to aig ponzi schemers,0.0004363059997558,0.7831021437578816,0.2168978562421185,0.0001852512359619,0.0,0.4337957124842369,0.5662042875157631,0.566204287515763,0.433795712484237,0.0,0.0001990795135498,5.270292893597053,0.003915786743164,Neutral,2.384185791015625e-07
started to think that citi is in really deepis amp t are they gonna survive the turmoil or are they gonna be the next aig,0.0006566047668457,0.0,1.0,0.0003015995025634,0.0,0.0,0.0,0.0,0.0,1.0,0.0002501010894775,1.6666666666666663,0.0001120567321777,Negativo,0.0
shaunwoo hate n on aig,0.0003354549407958,0.0,1.0,0.0001068115234375,0.0,0.0,0.0,0.0,0.0,1.0,0.0002970695495605,1.6666666666666663,0.0001027584075927,Negativo,0.0
you will not regret going to see star trek it was awesome,0.0004253387451171,1.0,0.0,0.0002162456512451,0.0,0.0,1.0,0.0,0.0,0.0,0.0002033710479736,8.333333333333334,9.918212890625e-05,Positivo,0.0
annoying new trend on the internets people picking apart michael lewis and malcolm gladwell nobody wants to read that,0.0006170272827148,0.0,1.0,0.0002667903900146,0.0,0.0,0.0,0.0,0.0,1.0,0.0002162456512451,1.6666666666666663,0.0001001358032226,Negativo,0.0
highly recommend by malcolm gladwell,0.0003330707550048,1.0,0.0,0.0001068115234375,0.0,0.0,1.0,0.0,0.0,0.0,0.0004162788391113,8.333333333333334,9.703636169433594e-05,Positivo,0.0
blink by malcolm gladwell amazing book and the tipping point,0.000434398651123,1.0,0.0,0.000171422958374,0.0,0.0,1.0,0.0,0.0,0.0,0.0001966953277587,8.333333333333334,9.72747802734375e-05,Positivo,2.384185791015625e-07
malcolm gladwell might be my new man crush,0.0003707408905029,0.0,1.0,0.0001435279846191,0.0,0.0,0.0,0.0,0.0,1.0,0.0001730918884277,1.6666666666666663,9.632110595703124e-05,Negativo,2.384185791015625e-07
oh my god the commercials alone on espn are going to drive me nuts,0.000455617904663,0.1822289156626506,0.8177710843373494,0.0002562999725341,0.6355421686746988,0.3644578313253012,0.0,0.0,0.3644578313253013,0.6355421686746987,0.0001990795135498,4.000503668169214,0.0041775703430175,Neutral,2.384185791015625e-07
playing with twitter api sounds fun may need to take a class or find a new friend who like to generate results with api code,0.0006625652313232,1.0,0.0,0.000335693359375,0.0,0.0,1.0,0.0,0.0,0.0,0.0001969337463378,8.333333333333334,0.0001115798950195,Positivo,0.0
hello twitter api,0.0002903938293457,0.0,0.0,7.224082946777344e-05,0.0,0.0,0.0,0.0,0.0,0.0,0.0001733303070068,8.333333333333334,0.0001165866851806,Positivo,0.0
because the twitter api is slow and most clientis aren t good,0.0004458427429199,1.0,0.0,0.0001897811889648,0.0,0.0,1.0,0.0,0.0,0.0,0.0001707077026367,8.333333333333334,9.989738464355467e-05,Positivo,2.384185791015625e-07
yahoo answers can be a butt sometimes,0.0003566741943359,0.0,0.0,0.0001001358032226,0.0,0.0,0.0,0.0,0.0,0.0,0.0001986026763916,8.333333333333334,0.0001132488250732,Positivo,0.0
is scrapbooking with nic d,0.0003328323364257,0.0,0.0,8.225440979003906e-05,0.0,0.0,0.0,0.0,0.0,0.0,0.000173807144165,8.333333333333334,9.894371032714844e-05,Positivo,0.0
five things wolfram alpha does better and vastly different than google,0.0004568099975585,1.0,0.0,0.0001988410949707,0.0,0.0,1.0,0.0,0.0,0.0,0.0001864433288574,8.333333333333334,9.846687316894533e-05,Positivo,0.0
just changed my default pic to a nike basketball cause bball is awesome,0.0004687309265136,1.0,0.0,0.0001976490020751,0.0,0.0,1.0,0.0,0.0,0.0,0.0001740455627441,8.333333333333334,9.989738464355467e-05,Positivo,0.0
was just told that nike layoffs started today,0.0003745555877685,0.0,0.0,0.000119924545288,0.0,0.0,0.0,0.0,0.0,0.0,0.0001850128173828,8.333333333333334,0.0002384185791015,Positivo,0.0
back when i worked for nike we had one fav word just do it,0.0004346370697021,1.0,0.0,0.0002174377441406,0.0,0.0,1.0,0.0,0.0,0.0,0.0001769065856933,8.333333333333334,0.0001084804534912,Positivo,2.384185791015625e-07
by the way i m totally inspired by this freaky nike commercial,0.000441551208496,0.7357543548863301,0.2642456451136699,0.0001728534698486,0.0,0.5284912902273398,0.4715087097726602,0.4715087097726602,0.5284912902273398,0.0,0.0001897811889648,4.999999999999999,0.0039327144622802,Neutral,2.384185791015625e-07
class the d is supposed to come today,0.0003559589385986,0.0,0.0,0.0001263618469238,0.0,0.0,0.0,0.0,0.0,0.0,0.0001728534698486,8.333333333333334,0.0001218318939208,Positivo,2.384185791015625e-07
needs someone to explain lambda calculus to him,0.0003786087036132,0.0,0.0,0.0001204013824462,0.0,0.0,0.0,0.0,0.0,0.0,0.00018310546875,8.333333333333334,0.0001258850097656,Positivo,2.384185791015625e-07
took the graduate field exam for computer science today nothing makes you feel like more of an idiot than lambda calculus,0.0006296634674072,0.1973164956590371,0.8026835043409629,0.0003368854522705,0.6053670086819258,0.3946329913180742,0.0,0.0,0.3946329913180741,0.6053670086819258,0.0001826286315917,4.104152395965351,0.0041258335113525,Neutral,2.384185791015625e-07
shout outs to all east palo alto for being in the buildin karizmakaze cal gta also thanks to profits of doom universal hempz cracka,0.0006697177886962,0.8798485046362805,0.1201514953637194,0.0003821849822998,0.0,0.240302990727439,0.759697009272561,0.7596970092725612,0.2403029907274388,0.0,0.0001912117004394,6.276600925099127,0.0039734840393066,Neutral,2.384185791015625e-07
yeahh i wouldn t really have lived in east palo alto if i could have avoided it i guess itis only for the summer,0.0006415843963623,0.0,1.0,0.0003180503845214,0.0,0.0,0.0,0.0,0.0,1.0,0.0001709461212158,1.6666666666666663,0.0001230239868164,Negativo,2.384185791015625e-07
great stanford course thanks for making it available to the public really helpful and informative for starting off,0.0006096363067626,1.0,0.0,0.0003175735473632,0.0,0.0,1.0,0.0,0.0,0.0,0.000187873840332,8.333333333333334,0.0001008510589599,Positivo,2.384185791015625e-07
work til pm let us go lakers,0.0003156661987304,0.0,0.0,0.0001242160797119,0.0,0.0,0.0,0.0,0.0,0.0,0.0001759529113769,8.333333333333334,9.846687316894533e-05,Positivo,0.0
damn you north korea,0.0003058910369873,0.0,1.0,7.534027099609375e-05,0.0,0.0,0.0,0.0,0.0,1.0,0.0001885890960693,1.6666666666666663,0.0001018047332763,Negativo,0.0
can we just go ahead and blow north korea off the map already,0.0004374980926513,0.0,0.0,0.0001838207244873,0.0,0.0,0.0,0.0,0.0,0.0,0.0001709461212158,8.333333333333334,9.72747802734375e-05,Positivo,0.0
north korea please cease this douchebaggery china doesn t even like you anymore,0.0004851818084716,1.0,0.0,0.0002198219299316,0.0,0.0,1.0,0.0,0.0,0.0,0.0001890659332275,8.333333333333334,9.679794311523438e-05,Positivo,0.0
why the hell is pelosi in freakin china and on whose dime,0.000422716140747,0.0,1.0,0.0002012252807617,0.0,0.0,0.0,0.0,0.0,1.0,0.0002980232238769,1.6666666666666663,0.0001122951507568,Negativo,2.384185791015625e-07
are you burning more cash than chrysler and gm stop the financial tsunami where bailout means taking a handout,0.0006000995635986,0.0,1.0,0.0002894401550292,0.0,0.0,0.0,0.0,0.0,1.0,0.0002017021179199,1.6666666666666663,0.0001015663146972,Negativo,2.384185791015625e-07
insects have infected my spinach plant,0.0003519058227539,0.0,1.0,0.0001266002655029,0.0,0.0,0.0,0.0,0.0,1.0,0.000176191329956,1.6666666666666663,0.000112771987915,Negativo,2.384185791015625e-07
wish i could catch every mosquito in the world n burn em slowly they been bitin the shit outta me day mosquitos are the assholes of insects,0.0007095336914062,0.8467382761330888,0.1532617238669112,0.0003831386566162,0.0,0.3065234477338223,0.6934765522661777,0.6934765522661777,0.3065234477338224,0.0,0.0001978874206542,5.888461639818547,0.0039021968841552,Neutral,4.76837158203125e-07
just got back from church and i totally hate insects,0.0003964900970458,0.0,1.0,0.000169038772583,0.0,0.0,0.0,0.0,0.0,1.0,0.0001733303070068,1.6666666666666663,0.0001111030578613,Negativo,2.384185791015625e-07
just got mcdonalds goddam those eggs make me sick o yeah laker up date go lakers not much of an update well itis true so suck it,0.0006790161132812,0.1667843275679491,0.8332156724320509,0.0004618167877197,0.6664313448641018,0.3335686551358982,0.0,0.0,0.3335686551358983,0.6664313448641017,0.0001866817474365,3.88725746731444,0.0044374465942382,Neutral,2.384185791015625e-07
omgg i ohhdee want mcdonalds damn i wonder if its open laughing out loud,0.000474214553833,0.7420052525876718,0.2579947474123281,0.0002357959747314,0.0,0.5159894948246564,0.4840105051753436,0.4840105051753438,0.5159894948246562,0.0,0.0001754760742187,5.000000000000001,0.0038442611694335,Neutral,2.384185791015625e-07
history exam studying ugh,0.0003736019134521,0.0,1.0,9.870529174804688e-05,0.0,0.0,0.0,0.0,0.0,1.0,0.0001897811889648,1.6666666666666663,0.0001108646392822,Negativo,2.384185791015625e-07
i hate revision itis so boring i am totally unprepared for my exam tomorrow things are not looking good,0.0007822513580322,0.0,1.0,0.0002906322479248,0.0,0.0,0.0,0.0,0.0,1.0,0.0001707077026367,1.6666666666666663,0.0001029968261718,Negativo,2.384185791015625e-07
higher physics exam tommorow not lookin forward to it much,0.0004453659057617,0.0,0.0,0.0001499652862548,0.0,0.0,0.0,0.0,0.0,0.0,0.0001821517944335,8.333333333333334,0.0001008510589599,Positivo,2.384185791015625e-07
itis a bank holiday yet i m only out of work now exam season sucks,0.0004951953887939,0.5833333333333334,0.4166666666666667,0.0002157688140869,0.0,0.8333333333333333,0.1666666666666667,0.1666666666666666,0.8333333333333334,0.0,0.0001759529113769,5.0,0.004291296005249,Neutral,2.384185791015625e-07
cheney and bush are the real culprits,0.0003752708435058,0.0,0.0,0.0001101493835449,0.0,0.0,0.0,0.0,0.0,0.0,0.0001828670501708,8.333333333333334,0.0001163482666015,Positivo,0.0
lifeis a bitch and so is dick cheney p bipart tlot tcot hhrs gop dnc,0.0004777908325195,0.0,1.0,0.0002317428588867,0.0,0.0,0.0,0.0,0.0,1.0,0.0001773834228515,1.6666666666666663,0.00010347366333,Negativo,0.0
dick cheneyis dishonest speech about torture terror and obama fred kaplan slate,0.0004942417144775,0.0,1.0,0.000227928161621,0.0,0.0,0.0,0.0,0.0,1.0,0.000227928161621,1.6666666666666663,0.0001001358032226,Negativo,0.0
the republican party is a bunch of anti abortion zealots who couldn t draw flies to a dump neal boortz just now on the radio,0.0006604194641113,0.1233183856502242,0.8766816143497758,0.0003678798675537,0.7533632286995516,0.2466367713004484,0.0,0.0,0.2466367713004484,0.7533632286995515,0.0003645420074462,3.5167739260742605,0.0038468837738037,Neutral,0.0
is twitteris connections api broken some tweets didn t make it to twitter,0.0004897117614746,0.0,1.0,0.0002150535583496,0.0,0.0,0.0,0.0,0.0,1.0,0.0001766681671142,1.6666666666666663,0.0001277923583984,Negativo,0.0
i srsly hate the stupid twitter api timeout thing soo annoying,0.0004374980926513,0.0,1.0,0.000232458114624,0.0,0.0,0.0,0.0,0.0,1.0,0.000187873840332,1.6666666666666663,0.0001013278961181,Negativo,2.384185791015625e-07
i really liked learning jquery book is worth a look too,0.000429630279541,1.0,0.0,0.000180959701538,0.0,0.0,1.0,0.0,0.0,0.0,0.0001723766326904,8.333333333333334,0.0001130104064941,Positivo,2.384185791015625e-07
very interesting ad from adobe by goodby silverstein amp partners youtube adobe cs le sens propre,0.0005397796630859,1.0,0.0,0.0002241134643554,0.0,0.0,1.0,0.0,0.0,0.0,0.0001928806304931,8.333333333333334,9.79900360107422e-05,Positivo,2.384185791015625e-07
goodby silverstein agency new site great,0.0003652572631835,1.0,0.0,0.0001227855682373,0.0,0.0,1.0,0.0,0.0,0.0,0.0001716613769531,8.333333333333334,0.0001077651977539,Positivo,0.0
goodby silversteinis new site i enjoy it nice find,0.0004100799560546,1.0,0.0,0.0001707077026367,0.0,0.0,1.0,0.0,0.0,0.0,0.0001838207244873,8.333333333333334,9.751319885253906e-05,Positivo,0.0
the ever amazing psyop and goodby silverstein amp partners for hp have to go play with after effects now,0.0005834102630615,1.0,0.0,0.0003077983856201,0.0,0.0,1.0,0.0,0.0,0.0,0.000256061553955,8.333333333333334,9.775161743164062e-05,Positivo,0.0
top ten most watched on viral video chart love the nike mostvaluablepuppets campaign from wieden amp kennedy,0.0005750656127929,1.0,0.0,0.0002691745758056,0.0,0.0,1.0,0.0,0.0,0.0,0.000190258026123,8.333333333333334,0.0001015663146972,Positivo,2.384185791015625e-07
zomg i have a g,0.0002839565277099,0.0,0.0,4.8160552978515625e-05,0.0,0.0,0.0,0.0,0.0,0.0,0.0001673698425292,8.333333333333334,9.65595245361328e-05,Positivo,0.0
ok so lots of buzz from io but how lucky are they a free g,0.0004420280456542,1.0,0.0,0.0002222061157226,0.0,0.0,1.0,0.0,0.0,0.0,0.0001876354217529,8.333333333333334,0.0001008510589599,Positivo,0.0
just got a free g android at google i o,0.0003564357757568,1.0,0.0,0.0001246929168701,0.0,0.0,1.0,0.0,0.0,0.0,0.0001735687255859,8.333333333333334,9.632110595703124e-05,Positivo,0.0
guess i ll be retiring my g and start using my developer g woot googleio,0.0004887580871582,1.0,0.0,0.000199556350708,0.0,0.0,1.0,0.0,0.0,0.0,0.0001919269561767,8.333333333333334,0.0001113414764404,Positivo,4.76837158203125e-07
i am happy for philip being at googleio today,0.0003812313079833,1.0,0.0,0.0001306533813476,0.0,0.0,1.0,0.0,0.0,0.0,0.0001742839813232,8.333333333333334,9.679794311523438e-05,Positivo,0.0
lakers played great can not wait for thursday night lakers vs,0.0004339218139648,1.0,0.0,0.0001740455627441,0.0,0.0,1.0,0.0,0.0,0.0,0.0001864433288574,8.333333333333334,9.584426879882812e-05,Positivo,0.0
judd apatow creates fake sitcom on nbc com to market his new movie viral marketing at its best,0.0005407333374023,0.8555011946751622,0.1444988053248378,0.0002858638763427,0.0,0.2889976106496756,0.7110023893503243,0.7110023893503243,0.2889976106496756,0.0,0.0001783370971679,5.986124122190393,0.0040986537933349,Neutral,0.0
viral marketing fail this acia pills brand oughta get shut down for hacking into peopleis messengeris i get msgs in a day arrgh,0.0006654262542724,0.0,1.0,0.0002961158752441,0.0,0.0,0.0,0.0,0.0,1.0,0.0001895427703857,1.6666666666666663,0.0001115798950195,Negativo,0.0
watching night at the museum laughing my ass off,0.0003938674926757,0.4132815259625574,0.5867184740374426,0.0001840591430664,0.1734369480748852,0.8265630519251148,0.0,0.0,0.8265630519251148,0.1734369480748852,0.0001773834228515,4.918018586523354,0.0038776397705078,Neutral,0.0
i loved night at the museum,0.0003185272216796,1.0,0.0,8.749961853027344e-05,0.0,0.0,1.0,0.0,0.0,0.0,0.0001852512359619,8.333333333333334,0.000115156173706,Positivo,2.384185791015625e-07
just got back from the movies went to see the new night at the museum with rachel it was good,0.0005934238433837,1.0,0.0,0.0002753734588623,0.0,0.0,1.0,0.0,0.0,0.0,0.0001733303070068,8.333333333333334,0.0001037120819091,Positivo,4.76837158203125e-07
i will take you on a date to see night at the museum whenever you want it looks soo good,0.0005607604980468,1.0,0.0,0.0002708435058593,0.0,0.0,1.0,0.0,0.0,0.0,0.0001852512359619,8.333333333333334,9.942054748535156e-05,Positivo,2.384185791015625e-07
no watching the night at the museum getting really good,0.0004115104675292,0.7478474784747847,0.2521525215252153,0.0001711845397949,0.0,0.5043050430504306,0.4956949569495694,0.4956949569495694,0.5043050430504306,0.0,0.0001802444458007,5.0,0.0041079521179199,Neutral,2.384185791015625e-07
night at the museum wolverine and junk food perfect monday,0.0004107952117919,1.0,0.0,0.0002427101135253,0.0,0.0,1.0,0.0,0.0,0.0,0.0001711845397949,8.333333333333334,0.0001261234283447,Positivo,2.384185791015625e-07
saw night at the museum last night pretty crazy movie but the cast was awesome so it was well worth it robin williams forever,0.0006647109985351,0.9628804751299184,0.0371195248700816,0.0003798007965087,0.0,0.0742390497401632,0.9257609502598368,0.9257609502598368,0.0742390497401632,0.0,0.0001776218414306,7.539450128261717,0.0038971900939941,Positivo,2.384185791015625e-07
night at the museum tonite instead of up oh well that yr old better enjoy it laughing out loud,0.0005943775177001,1.0,0.0,0.0003190040588378,0.0,0.0,1.0,0.0,0.0,0.0,0.0001759529113769,8.333333333333334,0.0001187324523925,Positivo,0.0
itis unfortunate that after the stimulus plan was put in place twice to help gm on the back of the american people has led to the inevitable,0.0007081031799316,0.3343465045592705,0.6656534954407296,0.0003893375396728,0.331306990881459,0.668693009118541,0.0,0.0,0.6686930091185408,0.3313069908814592,0.0001790523529052,4.726571264443633,0.0045499801635742,Neutral,2.384185791015625e-07
tell me again why we are giving more to gm we should use that for all the programs that support the unemployed,0.0006229877471923,1.0,0.0,0.0003139972686767,0.0,0.0,1.0,0.0,0.0,0.0,0.0001733303070068,8.333333333333334,0.0001146793365478,Positivo,0.0
oh yes but if gm dies it will only be worth more boo hahaha,0.0004332065582275,1.0,0.0,0.0002367496490478,0.0,0.0,1.0,0.0,0.0,0.0,0.0001742839813232,8.333333333333334,0.0001015663146972,Positivo,2.384185791015625e-07
time warner cable is down again rd time since memorial day bummer,0.0004520416259765,0.0,1.0,0.0002086162567138,0.0,0.0,0.0,0.0,0.0,1.0,0.0001769065856933,1.6666666666666663,0.0001046657562255,Negativo,2.384185791015625e-07
i would rather pay reasonable yearly taxes for free fast internet than get gouged by time warner for a slow connection,0.0006217956542968,0.9011256464861576,0.0988743535138424,0.0002784729003906,0.0,0.1977487070276848,0.8022512929723151,0.8022512929723152,0.1977487070276848,0.0,0.0001795291900634,6.558186136714837,0.0038256645202636,Neutral,2.384185791015625e-07
noo my dvr just died and i was only half way through the ea presser hate you time warner,0.000556468963623,0.0,1.0,0.0002956390380859,0.0,0.0,0.0,0.0,0.0,1.0,0.000171422958374,1.6666666666666663,0.0001139640808105,Negativo,0.0
f ck time warner cable you f cking suck balls i have a hd tv amp my damn hd channels hardly ever come in bullshit,0.0006365776062011,0.0,1.0,0.0003378391265869,0.0,0.0,0.0,0.0,0.0,1.0,0.0001838207244873,1.6666666666666663,0.000112771987915,Negativo,0.0
time warner has the worse customer service ever i will never use them again,0.0004818439483642,0.0,1.0,0.0002198219299316,0.0,0.0,0.0,0.0,0.0,1.0,0.0001749992370605,1.6666666666666663,0.0001001358032226,Negativo,0.0
time warner is the devil worst possible time for the internet to go out,0.0004811286926269,0.0,1.0,0.000216007232666,0.0,0.0,0.0,0.0,0.0,1.0,0.0001840591430664,1.6666666666666663,0.00010347366333,Negativo,2.384185791015625e-07
fuck no internet damn time warner,0.0003292560577392,0.0,1.0,0.0001227855682373,0.0,0.0,0.0,0.0,0.0,1.0,0.0001692771911621,1.6666666666666663,9.870529174804688e-05,Negativo,2.384185791015625e-07
time warner really picks the worst time to not work all i want to do is get to mtv com so i can watch the hills wtff,0.000662088394165,0.0,1.0,0.000340461730957,0.0,0.0,0.0,0.0,0.0,1.0,0.0001871585845947,1.6666666666666663,9.942054748535156e-05,Negativo,2.384185791015625e-07
i hate time warner soo wish i had vios can not watch the fricken mets game w o buffering i feel like i am watching free internet porn,0.0006699562072753,0.8757450247499747,0.1242549752500252,0.0003831386566162,0.0,0.2485099505000505,0.7514900494999495,0.7514900494999496,0.2485099505000504,0.0,0.0001797676086425,6.22546270686521,0.0041122436523437,Neutral,2.384185791015625e-07
ahh got rid of stupid time warner today amp now taking a nap while the roomies cook for me pretty good end for a monday,0.0006401538848876,0.8411382787677856,0.1588617212322144,0.0003693103790283,0.0,0.3177234424644288,0.6822765575355711,0.6822765575355711,0.3177234424644288,0.0,0.0001873970031738,5.827715652678359,0.0039043426513671,Neutral,2.384185791015625e-07
time warneris hd line up is crap,0.0003454685211181,0.0,1.0,0.0001325607299804,0.0,0.0,0.0,0.0,0.0,1.0,0.0001692771911621,1.6666666666666663,0.0001163482666015,Negativo,4.76837158203125e-07
is being fucked by time warner cable did not know modems could explode and susan boyle sucks too,0.0005414485931396,0.0,1.0,0.0002927780151367,0.0,0.0,0.0,0.0,0.0,1.0,0.0001850128173828,1.6666666666666663,0.0001173019409179,Negativo,2.384185791015625e-07
time warner cable slogan where calling it a day at pm happens,0.0004324913024902,0.0,0.0,0.0001654624938964,0.0,0.0,0.0,0.0,0.0,0.0,0.0001723766326904,8.333333333333334,0.0001018047332763,Positivo,0.0
recovering from surgery wishing was here,0.0003650188446044,1.0,0.0,0.0001227855682373,0.0,0.0,1.0,0.0,0.0,0.0,0.0001876354217529,8.333333333333334,0.0001149177551269,Positivo,0.0
my wrist still hurts i have to get it looked at i hate the dr dentist scary places time to watch eagle eye if you want to join text,0.0006716251373291,0.0825963624228266,0.9174036375771734,0.0004365444183349,0.8348072751543468,0.1651927248456532,0.0,0.0,0.1651927248456532,0.8348072751543467,0.0001776218414306,3.075876636169483,0.0039172172546386,Negativo,0.0
the dentist lied you won t feel any discomort prob won t even need pain pills man you twippin this shit hurt how many pills can i take,0.0006797313690185,0.1473986136562823,0.8526013863437176,0.0004076957702636,0.7052027726874355,0.2947972273125646,0.0,0.0,0.2947972273125647,0.7052027726874353,0.0001893043518066,3.73275109652346,0.0041894912719726,Neutral,2.384185791015625e-07
my dentist is great but sheis expensive,0.0003671646118164,1.0,0.0,0.0001399517059326,0.0,0.0,1.0,0.0,0.0,0.0,0.0001769065856933,8.333333333333334,0.0001266002655029,Positivo,4.76837158203125e-07
is studing math tomorrow exam and dentist,0.0003705024719238,0.0,0.0,0.0001108646392822,0.0,0.0,0.0,0.0,0.0,0.0,0.0001811981201171,8.333333333333334,0.0001025199890136,Positivo,2.384185791015625e-07
my dentist was wrong wrong,0.0003066062927246,0.0,1.0,0.0001218318939208,0.0,0.0,0.0,0.0,0.0,1.0,0.0001726150512695,1.6666666666666663,0.000117540359497,Negativo,2.384185791015625e-07
going to the dentist later,0.0003192424774169,0.0,0.0,8.487701416015625e-05,0.0,0.0,0.0,0.0,0.0,0.0,0.0001673698425292,8.333333333333334,9.965896606445312e-05,Positivo,2.384185791015625e-07
son has me looking at cars online i hate car shopping would rather go to the dentist anyone with a good car at a good price to sell,0.0006847381591796,0.7962382445141065,0.2037617554858934,0.0003542900085449,0.0,0.4075235109717869,0.592476489028213,0.5924764890282133,0.4075235109717868,0.0,0.0001800060272216,5.382167807194214,0.0041189193725585,Neutral,2.384185791015625e-07
luke and i got stopped walking out of safeway and asked to empty our pockets and lift our shirts how jacked up is that,0.00063157081604,0.0,1.0,0.000340461730957,0.0,0.0,0.0,0.0,0.0,1.0,0.0002191066741943,1.6666666666666663,0.0001220703125,Negativo,0.0
safeway is very rock n roll tonight,0.0003449916839599,0.0,0.0,9.989738464355467e-05,0.0,0.0,0.0,0.0,0.0,0.0,0.0001716613769531,8.333333333333334,0.0001025199890136,Positivo,0.0
the safeway bathroom still smells like ass,0.0003619194030761,0.2855345911949685,0.7144654088050315,0.0001568794250488,0.428930817610063,0.571069182389937,0.0,0.0,0.571069182389937,0.428930817610063,0.0001919269561767,4.560829091795721,0.0041794776916503,Neutral,0.0
at safeway on elkhorn they move like they re dead,0.0004017353057861,0.1917186613726602,0.8082813386273398,0.0001671314239501,0.6165626772546796,0.3834373227453204,0.0,0.0,0.3834373227453205,0.6165626772546795,0.0001797676086425,4.066427563856082,0.0042941570281982,Neutral,0.0
i love dwight howardis vitamin water commercial now i wish he was with nike and not adidas laughing out loud,0.0005922317504882,0.9158346398217674,0.0841653601782325,0.0003161430358886,0.0,0.1683307203564652,0.8316692796435348,0.831669279643535,0.168330720356465,0.0,0.0001893043518066,6.765416248268581,0.0042769908905029,Positivo,2.384185791015625e-07
found nothing at nike factory off to banana republic outlet,0.0004990100860595,0.0,0.0,0.0001511573791503,0.0,0.0,0.0,0.0,0.0,0.0,0.0001683235168457,8.333333333333334,0.0001287460327148,Positivo,2.384185791015625e-07
is lovin his nike already and thatis only from running on the spot in his bedroom,0.0005130767822265,0.0,0.0,0.0002033710479736,0.0,0.0,0.0,0.0,0.0,0.0,0.0001826286315917,8.333333333333334,0.0001013278961181,Positivo,2.384185791015625e-07
i finally got around to using jquery to make my bio collapse yay for slide animations,0.0005216598510742,0.5794633642930856,0.4205366357069143,0.0002450942993164,0.0,0.8410732714138287,0.1589267285861713,0.1589267285861714,0.8410732714138286,0.0,0.0001792907714843,5.000000000000002,0.0039267539978027,Neutral,2.384185791015625e-07
right laughing out loud we ll get there i have high expectations warren buffet style,0.0005037784576416,1.0,0.0,0.0002040863037109,0.0,0.0,1.0,0.0,0.0,0.0,0.0001828670501708,8.333333333333334,0.0001285076141357,Positivo,2.384185791015625e-07
great someoneis sitting in the shade today because someone planted a tree a long time ago warren buffet,0.000594139099121,1.0,0.0,0.0002470016479492,0.0,0.0,1.0,0.0,0.0,0.0,0.0001709461212158,8.333333333333334,0.0001015663146972,Positivo,4.76837158203125e-07
warren buffet became for a time the richest man in the united states not by working but investing in big idea which lead to the fortune,0.0006885528564453,1.0,0.0,0.0003581047058105,0.0,0.0,1.0,0.0,0.0,0.0,0.0001702308654785,8.333333333333334,0.0001122951507568,Positivo,2.384185791015625e-07
according to the create a school notre dame will have receivers in ncaa at or higher rating sweet,0.0005607604980468,1.0,0.0,0.0002832412719726,0.0,0.0,1.0,0.0,0.0,0.0,0.0001766681671142,8.333333333333334,0.0001039505004882,Positivo,2.384185791015625e-07
itis definitely under warranty amp my experience is the amazon support for kindle is great had to contact them about my kindle,0.0006616115570068,1.0,0.0,0.00034761428833,0.0,0.0,1.0,0.0,0.0,0.0,0.0001721382141113,8.333333333333334,0.0001115798950195,Positivo,0.0
time warner road runner customer support here absolutely blows i hate not having other high speed net options i m ready to go nuclear,0.0006773471832275,0.629535650850038,0.3704643491499619,0.000356912612915,0.0,0.7409286982999239,0.2590713017000761,0.2590713017000762,0.7409286982999238,0.0,0.0001800060272216,5.000000000000001,0.0041651725769042,Neutral,0.0
time warner cable phone reps r dumber than nails ugh cable was working mins ago now its not what the fuck,0.0005786418914794,0.1675066706196264,0.8324933293803736,0.000321626663208,0.6649866587607471,0.3350133412392528,0.0,0.0,0.3350133412392528,0.6649866587607471,0.0002124309539794,3.892733986353962,0.0038766860961914,Neutral,0.0
we tried but time warner wasn t being nice so we recorded today,0.0004620552062988,1.0,0.0,0.0001957416534423,0.0,0.0,1.0,0.0,0.0,0.0,0.0001895427703857,8.333333333333334,0.0001134872436523,Positivo,2.384185791015625e-07
oh my god time warner f ed up my internet install instead of today its now next saturday another week w o internet amp ehfa v fhg fml,0.0006940364837646,1.0,0.0,0.0004270076751708,0.0,0.0,1.0,0.0,0.0,0.0,0.0001752376556396,8.333333333333334,0.0001032352447509,Positivo,2.384185791015625e-07
wth i have never seen a line this loong at time warner before ugh,0.0004627704620361,0.0,1.0,0.0003089904785156,0.0,0.0,0.0,0.0,0.0,1.0,0.0002403259277343,1.6666666666666663,9.989738464355467e-05,Negativo,2.384185791015625e-07
impatiently awaiting the arrival of the time warner guy itis way too pretty to be inside all afternoon,0.0005812644958496,0.6901763224181361,0.3098236775818639,0.0003683567047119,0.0,0.6196473551637278,0.3803526448362722,0.3803526448362722,0.6196473551637278,0.0,0.000213623046875,5.0,0.0039858818054199,Neutral,2.384185791015625e-07
naive bayes using em for text classification really frustrating,0.0004260540008544,0.0,1.0,0.0001816749572753,0.0,0.0,0.0,0.0,0.0,1.0,0.0001709461212158,1.6666666666666663,0.0001158714294433,Negativo,0.0
we went to stanford university today got a tour made me want to go back to college itis also decided all of our kids will go there,0.00069260597229,1.0,0.0,0.0003502368927001,0.0,0.0,1.0,0.0,0.0,0.0,0.0001845359802246,8.333333333333334,0.0001065731048583,Positivo,0.0
if you re being harassed by calls about your car warranty changing your number won t fix that they call every number d bags,0.000643253326416,0.773095623987034,0.2269043760129659,0.0003695487976074,0.0,0.4538087520259319,0.546191247974068,0.5461912479740683,0.4538087520259318,0.0,0.0001769065856933,5.187026542176831,0.0041139125823974,Neutral,0.0
just blocked united blood services using google voice they call more than those car warranty guys,0.0005514621734619,0.7459372854200046,0.2540627145799954,0.0002567768096923,0.0,0.5081254291599908,0.4918745708400092,0.4918745708400092,0.5081254291599908,0.0,0.000190258026123,5.0,0.0038785934448242,Neutral,0.0
at amp t is complete fail,0.0003244876861572,0.0,1.0,0.0001122951507568,0.0,0.0,0.0,0.0,0.0,1.0,0.0001692771911621,1.6666666666666663,0.0001132488250732,Negativo,0.0
oh snap you work at at amp t don t you,0.0003571510314941,0.0,0.0,0.0001130104064941,0.0,0.0,0.0,0.0,0.0,0.0,0.0001823902130126,8.333333333333334,0.0001032352447509,Positivo,2.384185791015625e-07
i really do not want at amp t phone service they suck when it comes to having a signal,0.0005464553833007,0.0,1.0,0.0002799034118652,0.0,0.0,0.0,0.0,0.0,1.0,0.0001711845397949,1.6666666666666663,0.0001008510589599,Negativo,2.384185791015625e-07
i say we just cut out the small talk at amp tis new slogan fk you give us your money apologies to bob geldof,0.000657320022583,0.0,1.0,0.0003862380981445,0.0,0.0,0.0,0.0,0.0,1.0,0.0001718997955322,1.6666666666666663,0.0001130104064941,Negativo,2.384185791015625e-07
pissed about at amp tis mid contract upgrade price for the iphone itis more i m not going to pay for something i thought was,0.000664472579956,0.0625076602524819,0.937492339747518,0.0003397464752197,0.8749846794950362,0.1250153205049638,0.0,0.0,0.125015320504964,0.874984679495036,0.0001771450042724,2.8158518989298003,0.0046072006225585,Negativo,2.384185791015625e-07
safari is fast even on my shitty at amp t tethering,0.0004212856292724,0.0,1.0,0.0001730918884277,0.0,0.0,0.0,0.0,0.0,1.0,0.0001702308654785,1.6666666666666663,0.0001189708709716,Negativo,4.76837158203125e-07
what is at amp t fucking up,0.0003271102905273,0.0,0.0,0.0001084804534912,0.0,0.0,0.0,0.0,0.0,0.0,0.0001697540283203,8.333333333333334,0.0001032352447509,Positivo,2.384185791015625e-07
at amp t dropped the ball and isn t supporting crap with the new iphone fail att sucks,0.0005371570587158,0.1042549584675368,0.8957450415324631,0.0002937316894531,0.7914900830649264,0.2085099169350736,0.0,0.0,0.2085099169350737,0.7914900830649263,0.000176191329956,3.3216014606481474,0.0038659572601318,Negativo,0.0
yay glad you got the phone still damn you at amp t,0.0003979206085205,0.856871093396141,0.143128906603859,0.0001828670501708,0.0,0.286257813207718,0.713742186792282,0.713742186792282,0.286257813207718,0.0,0.000176191329956,6.001694815626888,0.0041332244873046,Neutral,2.384185791015625e-07
talk is cheap bing that i ll stick with google,0.000382661819458,0.0,0.0,0.0001354217529296,0.0,0.0,0.0,0.0,0.0,0.0,0.000169038772583,8.333333333333334,0.0001125335693359,Positivo,0.0
what the fuck is the point of deleting tweets if they can still be found in summize and searches twitter please fix that thanks and bye,0.0007882118225097,0.7565833148926754,0.2434166851073246,0.0003936290740966,0.0,0.4868333702146492,0.5131666297853508,0.5131666297853508,0.4868333702146492,0.0,0.0001904964447021,5.052672057404363,0.0040085315704345,Neutral,0.0
i love google translator too d good day mate,0.0004057884216308,1.0,0.0,0.0001392364501953,0.0,0.0,1.0,0.0,0.0,0.0,0.000178575515747,8.333333333333334,0.0001189708709716,Positivo,0.0
reading on my new kindle,0.0004646778106689,0.0,0.0,9.894371032714844e-05,0.0,0.0,0.0,0.0,0.0,0.0,0.0001821517944335,8.333333333333334,0.0001156330108642,Positivo,0.0
my kindle came and i love it,0.000596284866333,1.0,0.0,0.0001206398010253,0.0,0.0,1.0,0.0,0.0,0.0,0.0001704692840576,8.333333333333334,0.0001008510589599,Positivo,0.0
loving my new kindle named her kendra in case you we are wondering the cookbook is the tool cuz it tells you all the tricks best gift evr,0.0011827945709228,0.9666802112962212,0.0333197887037789,0.0004029273986816,0.0,0.0666395774075576,0.9333604225924425,0.9333604225924422,0.0666395774075578,0.0,0.0001883506774902,7.611587566805761,0.0041429996490478,Positivo,2.384185791015625e-07
the real aig scandal,0.000547170639038,0.0,1.0,9.894371032714844e-05,0.0,0.0,0.0,0.0,0.0,1.0,0.0001716613769531,1.6666666666666663,0.0001280307769775,Negativo,2.384185791015625e-07
obama is quite a good comedian check out his dinner speech on cnn very funny jokes,0.0009067058563232,1.0,0.0,0.0002894401550292,0.0,0.0,1.0,0.0,0.0,0.0,0.0001869201660156,8.333333333333334,0.0001044273376464,Positivo,0.0
barack obama shows his funny side gt gt great speech,0.0007064342498779,1.0,0.0,0.0002062320709228,0.0,0.0,1.0,0.0,0.0,0.0,0.0001676082611083,8.333333333333334,0.0001125335693359,Positivo,0.0
i like this guy barack obama shows his funny side gt gt,0.000709056854248,1.0,0.0,0.0002057552337646,0.0,0.0,1.0,0.0,0.0,0.0,0.0001811981201171,8.333333333333334,9.79900360107422e-05,Positivo,0.0
obamais speech was pretty awesome last night,0.000669240951538,1.0,0.0,0.0001497268676757,0.0,0.0,1.0,0.0,0.0,0.0,0.0001711845397949,8.333333333333334,9.65595245361328e-05,Positivo,0.0
reading bill clinton fail obama win,0.0006318092346191,0.5713495575221239,0.428650442477876,0.0001342296600341,0.0,0.8573008849557522,0.1426991150442478,0.142699115044248,0.857300884955752,0.0,0.0001943111419677,5.000000000000001,0.0039122104644775,Neutral,2.384185791015625e-07
obama more popular than youis among arabs survey president barack obamais popularity in leading arab countries,0.0010161399841308,1.0,0.0,0.0002670288085937,0.0,0.0,1.0,0.0,0.0,0.0,0.0001709461212158,8.333333333333334,0.0001142024993896,Positivo,2.384185791015625e-07
obamais got jokes haha just got to watch a bit of his after dinner speech from last night i m in love with mr president,0.0010936260223388,1.0,0.0,0.0003674030303955,0.0,0.0,1.0,0.0,0.0,0.0,0.0001850128173828,8.333333333333334,0.0001020431518554,Positivo,2.384185791015625e-07
lebron james got in a car accident i guess just heard it on evening news wow i can not believe it will he be ok,0.0010299682617187,0.8560962846677133,0.1439037153322867,0.0003509521484375,0.0,0.2878074306645735,0.7121925693354265,0.7121925693354265,0.2878074306645734,0.0,0.0001740455627441,5.992877701877773,0.0044715404510498,Neutral,2.384185791015625e-07
is it me or is this the best the playoffs have been in years oh yea lebron and melo in the finals,0.0009784698486328,1.0,0.0,0.0002777576446533,0.0,0.0,1.0,0.0,0.0,0.0,0.0001871585845947,8.333333333333334,0.0001285076141357,Positivo,2.384185791015625e-07
no lebron is the best,0.0005855560302734,0.7947008247060888,0.2052991752939112,0.0001182556152343,0.0,0.4105983505878223,0.5894016494121777,0.5894016494121777,0.4105983505878224,0.0,0.0001740455627441,5.3689075108488185,0.0042171478271484,Neutral,2.384185791015625e-07
lebron is cool i like his personality he has good character,0.0007877349853515,1.0,0.0,0.0001914501190185,0.0,0.0,1.0,0.0,0.0,0.0,0.0001697540283203,8.333333333333334,0.0001165866851806,Positivo,2.384185791015625e-07
watching lebron highlights damn that niggas good,0.0007059574127197,0.2512980269989616,0.7487019730010385,0.0001642704010009,0.4974039460020768,0.5025960539979232,0.0,0.0,0.5025960539979231,0.4974039460020769,0.0001759529113769,4.410587028693615,0.0039365291595458,Neutral,2.384185791015625e-07
lebron is murdering shit,0.0005865097045898,0.0,1.0,9.870529174804688e-05,0.0,0.0,0.0,0.0,0.0,1.0,0.0001723766326904,1.6666666666666663,0.0001132488250732,Negativo,0.0
lebron is a monsta and he is only shaking my head the world ain t ready,0.000859260559082,0.7723823975720789,0.2276176024279211,0.0002262592315673,0.0,0.4552352048558421,0.5447647951441579,0.5447647951441579,0.4552352048558422,0.0,0.0001771450042724,5.181149050966454,0.0045061111450195,Neutral,0.0
when lebron is done in the nba he will probably be greater than kobe like you said kobe is good but there alot of good players,0.0011854171752929,1.0,0.0,0.000478982925415,0.0,0.0,1.0,0.0,0.0,0.0,0.0001721382141113,8.333333333333334,0.0001158714294433,Positivo,0.0
kobe is good bt lebron has my vote,0.0006434917449951,1.0,0.0,0.0001921653747558,0.0,0.0,1.0,0.0,0.0,0.0,0.0001721382141113,8.333333333333334,0.0001013278961181,Positivo,2.384185791015625e-07
kobe is the best in the world not lebron,0.0006840229034423,1.0,0.0,0.0001506805419921,0.0,0.0,1.0,0.0,0.0,0.0,0.0001721382141113,8.333333333333334,9.894371032714844e-05,Positivo,2.384185791015625e-07
world cup access damn thatis a good look,0.0006759166717529,0.5607991732690321,0.4392008267309679,0.0001463890075683,0.0,0.8784016534619359,0.1215983465380641,0.1215983465380642,0.8784016534619358,0.0,0.0001828670501708,5.000000000000001,0.003859519958496,Neutral,2.384185791015625e-07
just bought my tickets for the fifa world cup in south africa its going to be a great summer,0.0009572505950927,1.0,0.0,0.0003011226654052,0.0,0.0,1.0,0.0,0.0,0.0,0.0001704692840576,8.333333333333334,0.0001134872436523,Positivo,0.0
i have to go to booz allen hamilton for a hr meeting but then i get to go home,0.0009126663208007,0.0,0.0,0.0002839565277099,0.0,0.0,0.0,0.0,0.0,0.0,0.0001769065856933,8.333333333333334,0.0001022815704345,Positivo,0.0
the great indian tamasha truly will unfold from may the result day for indian general election,0.0009481906890869,1.0,0.0,0.0002353191375732,0.0,0.0,1.0,0.0,0.0,0.0,0.000173807144165,8.333333333333334,9.870529174804688e-05,Positivo,2.384185791015625e-07
i have the kindle i ve seen pictures of the dx but haven t seen it in person i love my kindle i m on it everyday,0.0010957717895507,0.9034222128910352,0.0965777871089649,0.000293493270874,0.0,0.1931555742179296,0.8068444257820704,0.8068444257820702,0.1931555742179298,0.0,0.0001883506774902,6.589683715554294,0.0041642189025878,Neutral,2.384185791015625e-07
such an awesome idea the continual learning program with a kindle,0.0007727146148681,1.0,0.0,0.0001661777496337,0.0,0.0,1.0,0.0,0.0,0.0,0.0001678466796875,8.333333333333334,0.0001122951507568,Positivo,2.384185791015625e-07
ooh what model are you getting i have the d and love love love love it,0.000817060470581,1.0,0.0,0.0002593994140625,0.0,0.0,1.0,0.0,0.0,0.0,0.0001826286315917,8.333333333333334,0.0001161098480224,Positivo,2.384185791015625e-07
the times of india the wonder that is indiais election,0.0007381439208984,0.0,0.0,0.0001406669616699,0.0,0.0,0.0,0.0,0.0,0.0,0.0001671314239501,8.333333333333334,9.965896606445312e-05,Positivo,2.384185791015625e-07
good video from google on using search options,0.0007109642028808,1.0,0.0,0.0001249313354492,0.0,0.0,1.0,0.0,0.0,0.0,0.0002033710479736,8.333333333333334,0.0001137256622314,Positivo,2.384185791015625e-07
laughing out loud ah my skin is itchy damn lawnmowing,0.0007433891296386,0.3104503716659378,0.6895496283340621,0.0001850128173828,0.3790992566681244,0.6209007433318756,0.0,0.0,0.6209007433318758,0.3790992566681241,0.0001759529113769,4.655712114666679,0.003875732421875,Neutral,2.384185791015625e-07
itchy back do not ya hate it,0.0006141662597656,0.7154193460117663,0.2845806539882337,0.0001344680786132,0.0,0.5691613079764675,0.4308386920235325,0.4308386920235326,0.5691613079764674,0.0,0.0001900196075439,5.000000000000002,0.0041649341583251,Neutral,0.0
stanford charity fashion show a top draw,0.0006718635559082,1.0,0.0,0.000136375427246,0.0,0.0,1.0,0.0,0.0,0.0,0.0001752376556396,8.333333333333334,0.0001275539398193,Positivo,0.0
stanford universityis facebook profile is one of the most popular official university pages,0.0005834102630615,1.0,0.0,0.0002181529998779,0.0,0.0,1.0,0.0,0.0,0.0,0.0001821517944335,8.333333333333334,0.0001006126403808,Positivo,2.384185791015625e-07
lyx is cool,0.0002939701080322,1.0,0.0,7.295608520507812e-05,0.0,0.0,1.0,0.0,0.0,0.0,0.0001702308654785,8.333333333333334,0.0001137256622314,Positivo,2.384185791015625e-07
soo dissapointed they sent danny gokey home you still rock danny my hometown hero yeah milrockee,0.0007624626159667,1.0,0.0,0.0002632141113281,0.0,0.0,1.0,0.0,0.0,0.0,0.000180959701538,8.333333333333334,9.965896606445312e-05,Positivo,2.384185791015625e-07
american idol fashion adam lambert tones down danny gokey cute,0.000472068786621,1.0,0.0,0.0001666545867919,0.0,0.0,1.0,0.0,0.0,0.0,0.0001757144927978,8.333333333333334,9.775161743164062e-05,Positivo,2.384185791015625e-07
i love you danny gokey,0.000317096710205,1.0,0.0,7.319450378417969e-05,0.0,0.0,1.0,0.0,0.0,0.0,0.00018310546875,8.333333333333334,9.870529174804688e-05,Positivo,2.384185791015625e-07
so tired i didn t sleep well at all last night,0.0004129409790039,0.2433817250213492,0.7566182749786508,0.00016450881958,0.5132365499573016,0.4867634500426984,0.0,0.0,0.4867634500426985,0.5132365499573015,0.0001742839813232,4.36908006121121,0.0039775371551513,Neutral,2.384185791015625e-07
boarding plane for san francisco in hour hr flight blech,0.0004317760467529,0.0,0.0,0.0001776218414306,0.0,0.0,0.0,0.0,0.0,0.0,0.0001673698425292,8.333333333333334,0.0001256465911865,Positivo,2.384185791015625e-07
bonjour san francisco my back hurts from last night,0.0004305839538574,0.0,1.0,0.000178575515747,0.0,0.0,0.0,0.0,0.0,1.0,0.0001728534698486,1.6666666666666663,0.0001046657562255,Negativo,2.384185791015625e-07
with my best girl for a few more hours in san francisco mmfamily is wonderful,0.0007169246673583,1.0,0.0,0.0002517700195312,0.0,0.0,1.0,0.0,0.0,0.0,0.0001964569091796,8.333333333333334,0.0001001358032226,Positivo,0.0
f up big or go home aig,0.0004758834838867,0.0,0.0,9.918212890625e-05,0.0,0.0,0.0,0.0,0.0,0.0,0.0001683235168457,8.333333333333334,9.965896606445312e-05,Positivo,0.0
went to see the star trek movie last night very satisfying,0.0006024837493896,1.0,0.0,0.0001816749572753,0.0,0.0,1.0,0.0,0.0,0.0,0.0001840591430664,8.333333333333334,9.942054748535156e-05,Positivo,0.0
i can t wait going to see star trek tonight,0.0006084442138671,0.0,0.0,0.0001294612884521,0.0,0.0,0.0,0.0,0.0,0.0,0.000173807144165,8.333333333333334,9.846687316894533e-05,Positivo,2.384185791015625e-07
star trek was as good as everyone said,0.0005655288696289,1.0,0.0,0.0001540184020996,0.0,0.0,1.0,0.0,0.0,0.0,0.0001881122589111,8.333333333333334,9.918212890625e-05,Positivo,2.384185791015625e-07
am loving new malcolm gladwell book outliers,0.0005490779876708,1.0,0.0,0.0001218318939208,0.0,0.0,1.0,0.0,0.0,0.0,0.0001707077026367,8.333333333333334,0.0001125335693359,Positivo,0.0
i highly recommend malcolm gladwellis the tipping point my next audiobook will probably be one of his as well,0.0008552074432373,1.0,0.0,0.0002932548522949,0.0,0.0,1.0,0.0,0.0,0.0,0.0001838207244873,8.333333333333334,9.942054748535156e-05,Positivo,0.0
malcolm gladwell is a genius at tricking people into not realizing heis a fucking idiot,0.0007808208465576,0.0833035820540283,0.9166964179459716,0.0002377033233642,0.8333928358919434,0.1666071641080566,0.0,0.0,0.1666071641080568,0.8333928358919431,0.0001816749572753,3.084388558315518,0.0041730403900146,Negativo,0.0
hey no offense but malcolm gladwell is a pretenious annoying cunt and he brings you down can not read his shit,0.0008728504180908,0.1064788270947661,0.8935211729052339,0.0003890991210937,0.7870423458104678,0.2129576541895322,0.0,0.0,0.2129576541895321,0.7870423458104678,0.0001881122589111,3.345665081102822,0.0039131641387939,Neutral,0.0
great article by malcolm gladwell,0.000514268875122,1.0,0.0,9.369850158691406e-05,0.0,0.0,1.0,0.0,0.0,0.0,0.0001685619354248,8.333333333333334,0.0001137256622314,Positivo,2.384185791015625e-07
i seriously underestimated malcolm gladwell i want to meet this dude,0.0006444454193115,0.1426481346013167,0.8573518653986832,0.000157356262207,0.7147037307973666,0.2852962692026334,0.0,0.0,0.2852962692026335,0.7147037307973665,0.0001859664916992,3.6924527761494295,0.0043129920959472,Neutral,2.384185791015625e-07
i hate comcast right now everything is down cable internet amp phone ughh what am i to do,0.0008389949798583,0.0,1.0,0.0002357959747314,0.0,0.0,0.0,0.0,0.0,1.0,0.0001749992370605,1.6666666666666663,0.0001142024993896,Negativo,2.384185791015625e-07
comcast sucks,0.0004210472106933,0.0,1.0,5.8650970458984375e-05,0.0,0.0,0.0,0.0,0.0,1.0,0.0001685619354248,1.6666666666666663,0.0001018047332763,Negativo,4.76837158203125e-07
the day i never have to deal with comcast again will rank as one of the best days of my life,0.0007786750793457,1.0,0.0,0.0002832412719726,0.0,0.0,1.0,0.0,0.0,0.0,0.0001735687255859,8.333333333333334,9.894371032714844e-05,Positivo,0.0
did comcast fail again,0.0004692077636718,0.0,1.0,9.226799011230467e-05,0.0,0.0,0.0,0.0,0.0,1.0,0.0001718997955322,1.6666666666666663,0.0001134872436523,Negativo,0.0
curses the twitter api limit,0.0005097389221191,0.0,0.0,8.487701416015625e-05,0.0,0.0,0.0,0.0,0.0,0.0,0.0001723766326904,8.333333333333334,9.870529174804688e-05,Positivo,2.384185791015625e-07
now i can see why dave winer screams about lack of twitter api its limitations and access throttles,0.0008380413055419,0.0,1.0,0.0002729892730712,0.0,0.0,0.0,0.0,0.0,1.0,0.0001754760742187,1.6666666666666663,0.0001111030578613,Negativo,2.384185791015625e-07
arg twitter api is making me crazy,0.000533103942871,0.0,1.0,0.0001454353332519,0.0,0.0,0.0,0.0,0.0,1.0,0.0001845359802246,1.6666666666666663,0.0001001358032226,Negativo,2.384185791015625e-07
i m really loving the new search site wolfram alpha makes google seem so quaint,0.0007283687591552,1.0,0.0,0.0001983642578125,0.0,0.0,1.0,0.0,0.0,0.0,0.0001699924468994,8.333333333333334,9.870529174804688e-05,Positivo,2.384185791015625e-07
wolfram alpha sucks even for researchers the information provided is less than you can get from google or wikipedia totally useless,0.0009768009185791,0.0,1.0,0.000354528427124,0.0,0.0,0.0,0.0,0.0,1.0,0.0001890659332275,1.6666666666666663,9.894371032714844e-05,Negativo,0.0
off to the nike factory,0.0004873275756835,0.0,0.0,8.845329284667969e-05,0.0,0.0,0.0,0.0,0.0,0.0,0.0001699924468994,8.333333333333334,0.0001068115234375,Positivo,0.0
new nike muppet commercials are pretty cute why do we live together again,0.0007178783416748,1.0,0.0,0.0002305507659912,0.0,0.0,1.0,0.0,0.0,0.0,0.0001833438873291,8.333333333333334,0.000101089477539,Positivo,2.384185791015625e-07
oh those are awesome i so wish they weren t owned by nike,0.0007038116455078,1.0,0.0,0.0002169609069824,0.0,0.0,1.0,0.0,0.0,0.0,0.0001704692840576,8.333333333333334,9.942054748535156e-05,Positivo,0.0
awesome seeing the show friday at the shoreline amphitheatre never seen nin before can t wait,0.0008296966552734,1.0,0.0,0.0002076625823974,0.0,0.0,1.0,0.0,0.0,0.0,0.0001971721649169,8.333333333333334,9.679794311523438e-05,Positivo,0.0
arhh itis weka bug and i spent almost two hours to find that out crappy me,0.0046305656433105,0.0,1.0,0.0002462863922119,0.0,0.0,0.0,0.0,0.0,1.0,0.000171422958374,1.6666666666666663,0.0001099109649658,Negativo,4.76837158203125e-07
hey bud no problem i do so love my d although i d love a d mkii more,0.0008227825164794,0.8353909465020576,0.1646090534979424,0.0002176761627197,0.0,0.3292181069958848,0.6707818930041152,0.6707818930041152,0.3292181069958848,0.0,0.0001895427703857,5.766633950555403,0.0041260719299316,Neutral,2.384185791015625e-07
just got us a d for the office d,0.0005731582641601,0.0,0.0,0.0001039505004882,0.0,0.0,0.0,0.0,0.0,0.0,0.0001657009124755,8.333333333333334,0.0001351833343505,Positivo,2.384185791015625e-07
just picked up my new canon d itis beautiful prepare for some seriously awesome photography,0.0008683204650878,0.9357064450368512,0.0642935549631488,0.0002965927124023,0.0,0.1285871099262976,0.8714128900737024,0.8714128900737024,0.1285871099262976,0.0,0.0001900196075439,7.068800985845758,0.0040009021759033,Positivo,2.384185791015625e-07
just got my new toy canon d love love love it,0.0006670951843261,1.0,0.0,0.0001838207244873,0.0,0.0,1.0,0.0,0.0,0.0,0.0001692771911621,8.333333333333334,0.0001173019409179,Positivo,2.384185791015625e-07
learning about lambda calculus,0.000572919845581,0.0,0.0,8.320808410644531e-05,0.0,0.0,0.0,0.0,0.0,0.0,0.0001792907714843,8.333333333333334,0.0001120567321777,Positivo,2.384185791015625e-07
i m moving to east palo alto,0.000594139099121,0.0,0.0,0.0001072883605957,0.0,0.0,0.0,0.0,0.0,0.0,0.0001692771911621,8.333333333333334,0.0001018047332763,Positivo,2.384185791015625e-07
atebits i just finished watching your stanford iphone class session i really appreciate it you rock,0.0010035037994384,1.0,0.0,0.000232458114624,0.0,0.0,1.0,0.0,0.0,0.0,0.0001707077026367,8.333333333333334,0.0001022815704345,Positivo,2.384185791015625e-07
hi just saw your stanford talk and really liked your advice just saying hi from singapore yes the videos do get around,0.0011310577392578,1.0,0.0,0.0003225803375244,0.0,0.0,1.0,0.0,0.0,0.0,0.0001733303070068,8.333333333333334,0.0001001358032226,Positivo,2.384185791015625e-07
lakers tonight letis go,0.0005848407745361,0.0,0.0,7.534027099609375e-05,0.0,0.0,0.0,0.0,0.0,0.0,0.0001676082611083,8.333333333333334,0.000101089477539,Positivo,0.0
will the lakers kick the nuggets ass tonight,0.0006790161132812,0.0,1.0,0.0001366138458251,0.0,0.0,0.0,0.0,0.0,1.0,0.0001704692840576,1.6666666666666663,9.989738464355467e-05,Negativo,0.0
ooh north korea is in troublee,0.0006065368652343,0.0,0.0,0.0001277923583984,0.0,0.0,0.0,0.0,0.0,0.0,0.0001671314239501,8.333333333333334,0.0001130104064941,Positivo,2.384185791015625e-07
wat the heck is north korea doing they just conducted powerful nuclear tests follow the link,0.000983715057373,1.0,0.0,0.0003867149353027,0.0,0.0,1.0,0.0,0.0,0.0,0.000187873840332,8.333333333333334,9.822845458984376e-05,Positivo,2.384185791015625e-07
listening to obama friggin north korea,0.0006921291351318,0.0,0.0,0.0001940727233886,0.0,0.0,0.0,0.0,0.0,0.0,0.000171422958374,8.333333333333334,0.0001065731048583,Positivo,2.384185791015625e-07
i just realized we three monkeys in the white obama biden pelosi sarah palin,0.0009517669677734,0.0,0.0,0.0002927780151367,0.0,0.0,0.0,0.0,0.0,0.0,0.0001816749572753,8.333333333333334,0.0001163482666015,Positivo,0.0
pelosi should stay in china and never come back,0.0007097721099853,0.0,0.0,0.0001640319824218,0.0,0.0,0.0,0.0,0.0,0.0,0.000169038772583,8.333333333333334,0.0001003742218017,Positivo,0.0
nancy pelosi gave the worst commencement speech i ve ever heard yes i m still bitter about this,0.0009872913360595,0.1156443704320473,0.8843556295679527,0.0003869533538818,0.7687112591359054,0.2312887408640946,0.0,0.0,0.2312887408640946,0.7687112591359053,0.0002186298370361,3.441117094287451,0.0039498805999755,Neutral,0.0
ugh the amount of times these stupid insects have bitten me grr,0.0007894039154052,0.0,1.0,0.0002269744873046,0.0,0.0,0.0,0.0,0.0,1.0,0.0001695156097412,1.6666666666666663,0.0001289844512939,Negativo,0.0
prettiest insects ever pink katydids,0.0006742477416992,1.0,0.0,9.250640869140624e-05,0.0,0.0,1.0,0.0,0.0,0.0,0.0001847743988037,8.333333333333334,0.0001022815704345,Positivo,2.384185791015625e-07
just got barraged by a horde of insects hungry for my kitchen light so scary,0.0008702278137207,0.0,1.0,0.0002272129058837,0.0,0.0,0.0,0.0,0.0,1.0,0.0001685619354248,1.6666666666666663,0.0001144409179687,Negativo,2.384185791015625e-07
just had mcdonalds for dinner d it was good big mac meal,0.0007858276367187,1.0,0.0,0.0002293586730957,0.0,0.0,1.0,0.0,0.0,0.0,0.0001876354217529,8.333333333333334,9.894371032714844e-05,Positivo,2.384185791015625e-07
ahh yes laughing out loud ima tell my hubby to go get me sum mcdonalds,0.0008444786071777,1.0,0.0,0.0002284049987792,0.0,0.0,1.0,0.0,0.0,0.0,0.0001723766326904,8.333333333333334,0.000145673751831,Positivo,4.76837158203125e-07
stopped to have lunch at mcdonalds chicken nuggetss yummy,0.0007691383361816,0.8053589484327603,0.1946410515672396,0.0001742839813232,0.0,0.3892821031344793,0.6107178968655207,0.6107178968655208,0.3892821031344792,0.0,0.0001864433288574,5.465690421476128,0.0038557052612304,Neutral,2.384185791015625e-07
could go for a lot of mcdonalds i mean a lot,0.0007104873657226,0.0,0.0,0.0001165866851806,0.0,0.0,0.0,0.0,0.0,0.0,0.0001733303070068,8.333333333333334,0.0001146793365478,Positivo,0.0
my exam went good your prayers worked,0.0006470680236816,1.0,0.0,0.0001358985900878,0.0,0.0,1.0,0.0,0.0,0.0,0.0001928806304931,8.333333333333334,0.0001013278961181,Positivo,0.0
only one exam left and i am so happy for it d,0.000690221786499,1.0,0.0,0.0001718997955322,0.0,0.0,1.0,0.0,0.0,0.0,0.0001716613769531,8.333333333333334,0.0001032352447509,Positivo,0.0
math review i am going to fail the exam,0.0006437301635742,0.0,1.0,0.0001575946807861,0.0,0.0,0.0,0.0,0.0,1.0,0.0001833438873291,1.6666666666666663,9.942054748535156e-05,Negativo,2.384185791015625e-07
colin powell rocked yesterday on cbs cheney needs to shut the hell up and go home powell is a man of honor and served our country proudly,0.0011680126190185,0.786624203821656,0.2133757961783439,0.000396728515625,0.0,0.426751592356688,0.573248407643312,0.5732484076433122,0.4267515923566878,0.0,0.0001814365386962,5.299984266425036,0.004117727279663,Neutral,2.384185791015625e-07
obviously not siding with cheney here,0.0006122589111328,0.0,0.0,0.0001134872436523,0.0,0.0,0.0,0.0,0.0,0.0,0.0002129077911376,8.333333333333334,0.0001118183135986,Positivo,4.76837158203125e-07
absolutely hilarious from,0.0005440711975097,1.0,0.0,7.176399230957031e-05,0.0,0.0,1.0,0.0,0.0,0.0,0.0001749992370605,8.333333333333334,0.0001065731048583,Positivo,2.384185791015625e-07
i never did thank you for including me in your top twitter authors you rock amp i new wave d,0.0009894371032714,0.3312412831241283,0.6687587168758716,0.0002646446228027,0.3375174337517433,0.6624825662482566,0.0,0.0,0.6624825662482567,0.3375174337517432,0.0001931190490722,4.71760627646373,0.003864049911499,Neutral,0.0
awesome jquery reference book for coda webdesign,0.0007541179656982,1.0,0.0,0.0001277923583984,0.0,0.0,1.0,0.0,0.0,0.0,0.0001733303070068,8.333333333333334,0.0001120567321777,Positivo,0.0
i ve been sending e mails like crazy today to my contacts does anyone have a contact at goodby silverstein i d love to speak to them,0.0012049674987792,0.912515438452038,0.0874845615479621,0.0003359317779541,0.0,0.174969123095924,0.825030876904076,0.8250308769040758,0.1749691230959242,0.0,0.0001945495605468,6.717476347495805,0.0043473243713378,Positivo,0.0
goodby silversteinis new site i enjoy it,0.0007154941558837,1.0,0.0,0.0001344680786132,0.0,0.0,1.0,0.0,0.0,0.0,0.0001749992370605,8.333333333333334,0.0001170635223388,Positivo,0.0
wow everyone at the google i o conference got free gis with a month of unlimited service,0.001157522201538,1.0,0.0,0.0002391338348388,0.0,0.0,1.0,0.0,0.0,0.0,0.0001742839813232,8.333333333333334,0.0001013278961181,Positivo,0.0
dood i got a free google android phone at the i o conference the g,0.0008738040924072,1.0,0.0,0.000159740447998,0.0,0.0,1.0,0.0,0.0,0.0,0.0001745223999023,8.333333333333334,9.72747802734375e-05,Positivo,0.0
the g is amazing by the way a huge improvement over the g,0.0008013248443603,1.0,0.0,0.0002031326293945,0.0,0.0,1.0,0.0,0.0,0.0,0.0001778602600097,8.333333333333334,9.72747802734375e-05,Positivo,0.0
html demos lots of great stuff to come yes i m excited io googleio,0.0008518695831298,1.0,0.0,0.0002338886260986,0.0,0.0,1.0,0.0,0.0,0.0,0.0001742839813232,8.333333333333334,9.989738464355467e-05,Positivo,0.0
yay happy place place place i love google,0.0006372928619384,1.0,0.0,0.0001156330108642,0.0,0.0,1.0,0.0,0.0,0.0,0.0001711845397949,8.333333333333334,9.846687316894533e-05,Positivo,0.0
googleio o d bringing d graphics to the browser very nice to be honest funfun,0.0008935928344726,1.0,0.0,0.0002171993255615,0.0,0.0,1.0,0.0,0.0,0.0,0.0001740455627441,8.333333333333334,9.79900360107422e-05,Positivo,0.0
awesome viral marketing for funny people,0.0006635189056396,1.0,0.0,0.0001332759857177,0.0,0.0,1.0,0.0,0.0,0.0,0.0001764297485351,8.333333333333334,0.000110387802124,Positivo,0.0
saw night at the museum out of sheer desperation who is funding these movies,0.0008628368377685,0.0,1.0,0.0002796649932861,0.0,0.0,0.0,0.0,0.0,1.0,0.0001740455627441,1.6666666666666663,0.0001437664031982,Negativo,2.384185791015625e-07
night at the museum pretty furkin good,0.0006263256072998,1.0,0.0,0.0001521110534667,0.0,0.0,1.0,0.0,0.0,0.0,0.0001766681671142,8.333333333333334,0.0001137256622314,Positivo,2.384185791015625e-07
watching night at the museum giggling,0.0006468296051025,1.0,0.0,0.0001218318939208,0.0,0.0,1.0,0.0,0.0,0.0,0.0001857280731201,8.333333333333334,9.65595245361328e-05,Positivo,2.384185791015625e-07
back from seeing star trek and night at the museum star trek was amazing but night at the museum was eh,0.0009746551513671,1.0,0.0,0.0002582073211669,0.0,0.0,1.0,0.0,0.0,0.0,0.0001780986785888,8.333333333333334,9.632110595703124e-05,Positivo,2.384185791015625e-07
just watched night at the museum so stinkin cute,0.0007765293121337,1.0,0.0,0.0001580715179443,0.0,0.0,1.0,0.0,0.0,0.0,0.0001869201660156,8.333333333333334,0.0001106262207031,Positivo,0.0
so night at the museum was awesome much better than part next weekend we ll see up,0.0007352828979492,1.0,0.0,0.0002834796905517,0.0,0.0,1.0,0.0,0.0,0.0,0.0001730918884277,8.333333333333334,9.775161743164062e-05,Positivo,0.0
saw the new night at the museum and i loved it next is to go see up in d,0.0005080699920654,1.0,0.0,0.0002486705780029,0.0,0.0,1.0,0.0,0.0,0.0,0.0001850128173828,8.333333333333334,9.79900360107422e-05,Positivo,0.0
it is a shame about gm what if they are forced to make only cars the white house thinks will sell what do you think,0.0006532669067382,0.0,1.0,0.0003719329833984,0.0,0.0,0.0,0.0,0.0,1.0,0.0001790523529052,1.6666666666666663,9.679794311523438e-05,Negativo,0.0
as you may have noticed not too happy about the gm situation nor aig lehman et al,0.0007574558258056,0.0,1.0,0.0002672672271728,0.0,0.0,0.0,0.0,0.0,1.0,0.0001850128173828,1.6666666666666663,9.822845458984376e-05,Negativo,0.0
gm good riddance sad though,0.0004594326019287,0.4487179487179487,0.5512820512820512,0.0001223087310791,0.1025641025641026,0.8974358974358974,0.0,0.0,0.8974358974358976,0.1025641025641024,0.0001769065856933,4.952124161515192,0.0042431354522705,Neutral,2.384185791015625e-07
i will never buy a government motors vehicle until just recently i drove gm cars since when i bought a,0.0005931854248046,0.0,0.0,0.0002133846282958,0.0,0.0,0.0,0.0,0.0,0.0,0.0001850128173828,8.333333333333334,0.0001149177551269,Positivo,2.384185791015625e-07
having the old coca cola guy on the gm board is stupid has heck tcot ala,0.0004851818084716,0.0,1.0,0.0002357959747314,0.0,0.0,0.0,0.0,0.0,1.0,0.0001728534698486,1.6666666666666663,0.0001015663146972,Negativo,0.0
rantsandraves the worst thing about gm concord pleasant hill martinez is the fucking uaw,0.0005338191986083,0.2914452254414538,0.7085547745585462,0.000237226486206,0.4171095491170924,0.5828904508829076,0.0,0.0,0.5828904508829076,0.4171095491170924,0.0001893043518066,4.5863438354627455,0.0041639804840087,Neutral,0.0
give a man a fish you feed him for the day teach him to fish you feed him for life buy him gm and you f k him over for good,0.0006518363952636,1.0,0.0,0.0002758502960205,0.0,0.0,1.0,0.0,0.0,0.0,0.000171422958374,8.333333333333334,0.0001113414764404,Positivo,0.0
the more i hear about this gm thing the more angry i get billions wasted more bullshit all for something like k employees and all the,0.000701904296875,0.0607255520504731,0.9392744479495267,0.0003383159637451,0.8785488958990538,0.1214511041009462,0.0,0.0,0.1214511041009465,0.8785488958990535,0.0001869201660156,2.790908204046278,0.0040953159332275,Negativo,0.0
i own a gm car and it is junk as far as quality compared to a honda,0.0004818439483642,0.0,0.0,0.0001935958862304,0.0,0.0,0.0,0.0,0.0,0.0,0.000176191329956,8.333333333333334,0.0001370906829833,Positivo,0.0
sad day bankrupt gm,0.0006003379821777,0.0,1.0,9.512901306152344e-05,0.0,0.0,0.0,0.0,0.0,1.0,0.0001862049102783,1.6666666666666663,0.0001041889190673,Negativo,2.384185791015625e-07
is upset about the whole gm thing life as i know it is so screwed up,0.0008518695831298,0.0,1.0,0.0002303123474121,0.0,0.0,0.0,0.0,0.0,1.0,0.0001702308654785,1.6666666666666663,0.0001003742218017,Negativo,4.76837158203125e-07
whoever is running time warner needs to be repeatedly raped by a rhino so they understand the consequences of putting out shitty cable svcs,0.0011854171752929,0.0,1.0,0.0003807544708251,0.0,0.0,0.0,0.0,0.0,1.0,0.0001702308654785,1.6666666666666663,9.918212890625e-05,Negativo,2.384185791015625e-07
wftb joining a bit late my connection was down boo time warner,0.000795841217041,0.0,0.0,0.0001664161682128,0.0,0.0,0.0,0.0,0.0,0.0,0.0001752376556396,8.333333333333334,0.0001099109649658,Positivo,2.384185791015625e-07
cox or time warner cox is cheaper and gets a b on dslreports tw is more expensive and gets a c,0.0009870529174804,0.0,0.0,0.0002055168151855,0.0,0.0,0.0,0.0,0.0,0.0,0.0001676082611083,8.333333333333334,9.751319885253906e-05,Positivo,2.384185791015625e-07
i am furious with time warner and their phone promotions,0.0007691383361816,0.0,1.0,0.0001463890075683,0.0,0.0,0.0,0.0,0.0,1.0,0.0001707077026367,1.6666666666666663,9.632110595703124e-05,Negativo,0.0
just got home from chick fil a with the boys damn my internets down stupid time warner,0.0009586811065673,0.0,1.0,0.0002915859222412,0.0,0.0,0.0,0.0,0.0,1.0,0.000173807144165,1.6666666666666663,0.0001089572906494,Negativo,0.0
could time warner cable suck more no,0.0006542205810546,0.0,1.0,0.0001626014709472,0.0,0.0,0.0,0.0,0.0,1.0,0.0001814365386962,1.6666666666666663,0.0001108646392822,Negativo,0.0
pissed at time warner for causin me to have slow internet problems,0.000765323638916,0.0,1.0,0.0002009868621826,0.0,0.0,0.0,0.0,0.0,1.0,0.0001704692840576,1.6666666666666663,0.0001096725463867,Negativo,0.0
umm having some time warner problems,0.0006470680236816,0.0,1.0,0.0001201629638671,0.0,0.0,0.0,0.0,0.0,1.0,0.0001862049102783,1.6666666666666663,9.72747802734375e-05,Negativo,2.384185791015625e-07
you guys see this why does time warner have to suck so much ass really wish i could get you verse at my apartment,0.0011258125305175,0.1127483813351194,0.8872516186648806,0.0003724098205566,0.7745032373297612,0.2254967626702388,0.0,0.0,0.2254967626702388,0.7745032373297611,0.0001778602600097,3.411582750739869,0.0042359828948974,Neutral,2.384185791015625e-07
the upside to time warner unhelpful phone operators superslow on site service crap thatis not an upside,0.0009596347808837,0.0,1.0,0.0002603530883789,0.0,0.0,0.0,0.0,0.0,1.0,0.0001866817474365,1.6666666666666663,0.0001196861267089,Negativo,0.0
new time warner slogan time warner where we make you long for the days before cable,0.0005221366882324,0.0,0.0,0.0002024173736572,0.0,0.0,0.0,0.0,0.0,0.0,0.0001721382141113,8.333333333333334,0.0001165866851806,Positivo,0.0
confirmed itis time warneris fault not facebookis that fb is taking about minutes to load so tempted to switch to verizon,0.0006725788116455,0.0,1.0,0.0003018379211425,0.0,0.0,0.0,0.0,0.0,1.0,0.0001876354217529,1.6666666666666663,9.894371032714844e-05,Negativo,0.0
time warner epic fail,0.0003061294555664,0.0,1.0,9.751319885253906e-05,0.0,0.0,0.0,0.0,0.0,1.0,0.0001726150512695,1.6666666666666663,0.0001099109649658,Negativo,0.0
i know how sad is that st day of hurricane season thatis less scarey than govt taking over gm,0.0005643367767333,0.0,1.0,0.0002791881561279,0.0,0.0,0.0,0.0,0.0,1.0,0.0001893043518066,1.6666666666666663,0.0001006126403808,Negativo,4.76837158203125e-07
gm files bankruptcy not a good sign,0.0003538131713867,0.0,1.0,0.0001330375671386,0.0,0.0,0.0,0.0,0.0,1.0,0.0001769065856933,1.6666666666666663,9.846687316894533e-05,Negativo,0.0
yankees won mets lost its a good day,0.0003800392150878,0.8670252502614673,0.1329747497385328,0.0001523494720458,0.0,0.2659494994770655,0.7340505005229345,0.7340505005229344,0.2659494994770656,0.0,0.0001919269561767,6.119852176060199,0.0040040016174316,Neutral,0.0
my dentist appt today was actually quite enjoyable,0.0003864765167236,1.0,0.0,0.0001461505889892,0.0,0.0,1.0,0.0,0.0,0.0,0.0001726150512695,8.333333333333334,0.0001115798950195,Positivo,2.384185791015625e-07
i hate the effing dentist,0.0003163814544677,0.0,1.0,7.700920104980469e-05,0.0,0.0,0.0,0.0,0.0,1.0,0.0001845359802246,1.6666666666666663,0.0001285076141357,Negativo,2.384185791015625e-07
i hate going to the dentist,0.0003409385681152,0.0,1.0,0.0001027584075927,0.0,0.0,0.0,0.0,0.0,1.0,0.0001718997955322,1.6666666666666663,0.0001003742218017,Negativo,0.0
i hate the dentist who invented them anyways,0.0003671646118164,0.0,1.0,0.0001149177551269,0.0,0.0,0.0,0.0,0.0,1.0,0.0001864433288574,1.6666666666666663,0.0001106262207031,Negativo,0.0
this dentistis office is cold,0.000338077545166,0.0,0.0,8.296966552734375e-05,0.0,0.0,0.0,0.0,0.0,0.0,0.0001678466796875,8.333333333333334,9.822845458984376e-05,Positivo,0.0
just applied at safeway yee,0.0004315376281738,0.0,0.0,8.034706115722656e-05,0.0,0.0,0.0,0.0,0.0,0.0,0.0001869201660156,8.333333333333334,9.65595245361328e-05,Positivo,0.0
safeway place is a nightmare right now bumming,0.000385046005249,0.0,0.0,0.0001084804534912,0.0,0.0,0.0,0.0,0.0,0.0,0.0001704692840576,8.333333333333334,0.0001006126403808,Positivo,2.384185791015625e-07
hate safeway select green tea icecream bought two cartons what a waste of money gt less than,0.0005726814270019,0.091708423938735,0.908291576061265,0.000274658203125,0.81658315212253,0.18341684787747,0.0,0.0,0.18341684787747,0.81658315212253,0.0001795291900634,3.182595535110711,0.0042431354522705,Negativo,2.384185791015625e-07
nike rocks i m super grateful for what i ve done with them amp the european division of nike is beyond,0.000579833984375,1.0,0.0,0.0002679824829101,0.0,0.0,1.0,0.0,0.0,0.0,0.0001735687255859,8.333333333333334,0.0001118183135986,Positivo,2.384185791015625e-07
have you tried nike v addictive,0.000342845916748,0.0,0.0,9.703636169433594e-05,0.0,0.0,0.0,0.0,0.0,0.0,0.0001709461212158,8.333333333333334,0.0001158714294433,Positivo,4.76837158203125e-07
the nike training club beta iphone app looks very interesting,0.0004286766052246,1.0,0.0,0.0001718997955322,0.0,0.0,1.0,0.0,0.0,0.0,0.0001780986785888,8.333333333333334,0.0001018047332763,Positivo,2.384185791015625e-07
argghh why won t my jquery appear in safari bad safari,0.0004205703735351,0.5615707205489897,0.4384292794510103,0.0001664161682128,0.0,0.8768585589020206,0.1231414410979794,0.1231414410979794,0.8768585589020206,0.0,0.0001749992370605,5.000000000000001,0.0039396286010742,Neutral,2.384185791015625e-07
i m ready to drop the pretenses i am forever in love with jquery and i want to marry it sorry ladies this nerd is jquery spokenfor js,0.0007002353668212,0.814989024772656,0.185010975227344,0.0003976821899414,0.0,0.370021950454688,0.629978049545312,0.629978049545312,0.370021950454688,0.0,0.0001788139343261,5.55912734922306,0.0043003559112548,Neutral,0.0
super investors a great weekend read here from warren buffet oldie but a goodie,0.0005109310150146,1.0,0.0,0.0001959800720214,0.0,0.0,1.0,0.0,0.0,0.0,0.0001728534698486,8.333333333333334,0.0001163482666015,Positivo,0.0
reading michael palin book the python years great book i also recommend warren buffet amp nelson mandelais bio,0.0005993843078613,1.0,0.0,0.0002732276916503,0.0,0.0,1.0,0.0,0.0,0.0,0.0001881122589111,8.333333333333334,0.0001063346862792,Positivo,2.384185791015625e-07
i mean i m down with notre dame if i have to itis a good school i d be closer to dan i d enjoy it,0.0006017684936523,1.0,0.0,0.000272512435913,0.0,0.0,1.0,0.0,0.0,0.0,0.000173807144165,8.333333333333334,0.0001018047332763,Positivo,2.384185791015625e-07
i can t watch tv without a tivo and after all these years the time warner dvr still sucks,0.0005302429199218,0.0,1.0,0.0002460479736328,0.0,0.0,0.0,0.0,0.0,1.0,0.0001821517944335,1.6666666666666663,0.0001273155212402,Negativo,2.384185791015625e-07
i d say some sports writers are idiots for saying roger federer is one of the best ever in tennis roger federer is the best ever in tennis,0.0007205009460449,1.0,0.0,0.0003101825714111,0.0,0.0,1.0,0.0,0.0,0.0,0.0001697540283203,8.333333333333334,9.942054748535156e-05,Positivo,2.384185791015625e-07
i still love my kindle but reading the new york times on it does not feel natural i miss the bloomingdale ads,0.0006206035614013,0.7490391137237169,0.2509608862762831,0.0003159046173095,0.0,0.5019217725525662,0.4980782274474338,0.4980782274474338,0.5019217725525662,0.0,0.0003423690795898,5.0,0.0043072700500488,Neutral,2.384185791015625e-07
i love my kindle no more stacks of books to trip over on the way to the loo,0.0005013942718505,0.8640802322512536,0.1359197677487463,0.0002379417419433,0.0,0.2718395354974927,0.7281604645025073,0.7281604645025074,0.2718395354974926,0.0,0.0002496242523193,6.085070292017779,0.0042111873626708,Neutral,0.0
although todayis keynote rocked for every great announcement at amp t shit on us just a little bit more,0.000617504119873,0.6602564102564102,0.3397435897435897,0.0002789497375488,0.0,0.6794871794871795,0.3205128205128205,0.3205128205128206,0.6794871794871794,0.0,0.0002377033233642,5.000000000000001,0.0042030811309814,Neutral,0.0
its not so much my obsession with cell phones but the iphone i m a slave to at amp t forever because of it,0.0006055831909179,0.0,1.0,0.0003163814544677,0.0,0.0,0.0,0.0,0.0,1.0,0.0002362728118896,1.6666666666666663,0.0001215934753417,Negativo,0.0
fuzzball is more fun than at amp t p,0.0003662109375,1.0,0.0,0.0001368522644042,0.0,0.0,1.0,0.0,0.0,0.0,0.0002326965332031,8.333333333333334,0.0001089572906494,Positivo,0.0
today is a good day to dislike at amp t vote out of office indeed,0.0004613399505615,0.6157587548638132,0.3842412451361867,0.0002210140228271,0.0,0.7684824902723737,0.2315175097276263,0.2315175097276266,0.7684824902723734,0.0,0.0002377033233642,5.0,0.0041306018829345,Neutral,2.384185791015625e-07
got my wave sandbox invite extra excited too bad i have class now but i ll play with it soon enough io wave,0.0006160736083984,0.8830486202365309,0.1169513797634691,0.0003509521484375,0.0,0.2339027595269383,0.7660972404730617,0.7660972404730618,0.2339027595269382,0.0,0.000241994857788,6.317158663986531,0.004349946975708,Neutral,2.384185791015625e-07
looks like summize has gone down too many tweets from wwdc perhaps,0.0004346370697021,1.0,0.0,0.0002012252807617,0.0,0.0,1.0,0.0,0.0,0.0,0.0002312660217285,8.333333333333334,0.000131607055664,Positivo,0.0
thanks so much from one of your very happy kindle winners i was so surprised fabulous thank you best kathleen,0.0006148815155029,1.0,0.0,0.0003323554992675,0.0,0.0,1.0,0.0,0.0,0.0,0.0002334117889404,8.333333333333334,0.0001020431518554,Positivo,0.0
man i kinda dislike apple right now case in point the iphone gs wish there was a video recorder app please,0.0006003379821777,0.8614415675297411,0.1385584324702589,0.0003213882446289,0.0,0.2771168649405178,0.7228831350594822,0.7228831350594822,0.2771168649405178,0.0,0.0002431869506835,6.054267994914763,0.0049688816070556,Neutral,0.0
i have a kindle amp sony prs like it physical device feels good font is nice pg turns are snappy enuf ui a little klunky,0.0006365776062011,1.0,0.0,0.0003681182861328,0.0,0.0,1.0,0.0,0.0,0.0,0.0002317428588867,8.333333333333334,0.0002028942108154,Positivo,0.0
the kindle seems the best ereader but will it work in the uk and where can i get one,0.0005378723144531,1.0,0.0,0.0002541542053222,0.0,0.0,1.0,0.0,0.0,0.0,0.0002357959747314,8.333333333333334,0.0001518726348876,Positivo,0.0
i have a google addiction thank you for pointing that out hahaha,0.0004479885101318,1.0,0.0,0.0002024173736572,0.0,0.0,1.0,0.0,0.0,0.0,0.0002422332763671,8.333333333333334,0.0001425743103027,Positivo,0.0
dearest you rich bastards the visa card you sent me doesn t work why screw a little guy like me,0.0005710124969482,0.8310251720233429,0.1689748279766571,0.0002706050872802,0.0,0.3379496559533141,0.6620503440466858,0.6620503440466858,0.3379496559533142,0.0,0.0002403259277343,5.721046725144952,0.0056073665618896,Neutral,2.384185791015625e-07
excited about seeing bobby flay and guy fieri tomorrow at the great american food amp music fest,0.0005393028259277,1.0,0.0,0.0002706050872802,0.0,0.0,1.0,0.0,0.0,0.0,0.0002336502075195,8.333333333333334,0.0001227855682373,Positivo,0.0
gonna go see bobby flay moro at shoreline eat and drink gonna be good,0.0006027221679687,1.0,0.0,0.0002107620239257,0.0,0.0,1.0,0.0,0.0,0.0,0.0002572536468505,8.333333333333334,0.0001060962677001,Positivo,2.384185791015625e-07
can t wait for the great american food and music festival at shoreline tomorrow mm katz pastrami and bobby flay yes please,0.0006766319274902,1.0,0.0,0.0003540515899658,0.0,0.0,1.0,0.0,0.0,0.0,0.0002331733703613,8.333333333333334,0.0001108646392822,Positivo,2.384185791015625e-07
my dad was in ny for a day we ate at mesa grill last night and met bobby flay so much fun except i completely lost my voice today,0.0006930828094482,0.8133153396311291,0.1866846603688708,0.0003955364227294,0.0,0.3733693207377417,0.6266306792622582,0.6266306792622585,0.3733693207377416,0.0,0.0002408027648925,5.542694777949547,0.0042090415954589,Neutral,0.0
fighting with latex again,0.0003292560577392,0.0,1.0,7.987022399902344e-05,0.0,0.0,0.0,0.0,0.0,1.0,0.0002539157867431,1.6666666666666663,0.0001235008239746,Negativo,0.0
we love you too and don t want you to die latex the devil,0.0004212856292724,0.2023679570073054,0.7976320429926945,0.0002243518829345,0.5952640859853893,0.4047359140146108,0.0,0.0,0.4047359140146109,0.595264085985389,0.0002386569976806,4.136225199341053,0.0046818256378173,Neutral,0.0
hours hours of inkscape crashing normally solid as a rock hours of latex complaining at the slightest thing i can t take any more,0.0006911754608154,0.3504442250740375,0.6495557749259625,0.0003132820129394,0.299111549851925,0.700888450148075,0.0,0.0,0.700888450148075,0.299111549851925,0.000241994857788,4.772068689534778,0.003969669342041,Neutral,0.0
shitis hitting the fan in iran craziness indeed iranelection,0.0004315376281738,0.3953297828758705,0.6046702171241295,0.0001723766326904,0.209340434248259,0.790659565751741,0.0,0.0,0.790659565751741,0.209340434248259,0.0002582073211669,4.8925772862412735,0.0042026042938232,Neutral,0.0
monday already iran may implode kitchen is a disaster seems happy had a nice weekend and is great whoop,0.0005927085876464,0.8851734036775546,0.1148265963224454,0.0003080368041992,0.0,0.2296531926448908,0.7703468073551092,0.7703468073551092,0.2296531926448908,0.0,0.000237226486206,6.344427417202988,0.0040626525878906,Neutral,2.384185791015625e-07
getting ready to test out some burger receipes this weekend bobby flay has some great receipes to try thanks bobby,0.0006072521209716,1.0,0.0,0.0002737045288085,0.0,0.0,1.0,0.0,0.0,0.0,0.0002357959747314,8.333333333333334,0.0001294612884521,Positivo,2.384185791015625e-07
i lam so in love with bobby flay he is my favorite you need a place in phoenix we have great peppers here,0.0006155967712402,1.0,0.0,0.0003385543823242,0.0,0.0,1.0,0.0,0.0,0.0,0.0002498626708984,8.333333333333334,0.0001015663146972,Positivo,4.76837158203125e-07
i just created my first latex file from scratch that didn t work out very well see itis a great time waster,0.0006163120269775,1.0,0.0,0.0003020763397216,0.0,0.0,1.0,0.0,0.0,0.0,0.0002343654632568,8.333333333333334,0.0001132488250732,Positivo,0.0
using linux and loving it so much nicer than windows looking forward to using the what you see is what you get latex editor,0.000645637512207,1.0,0.0,0.0003519058227539,0.0,0.0,1.0,0.0,0.0,0.0,0.0002467632293701,8.333333333333334,9.894371032714844e-05,Positivo,2.384185791015625e-07
after using latex a lot any other typeset mathematics just looks hideous,0.0004825592041015,0.0,0.0,0.0001626014709472,0.0,0.0,0.0,0.0,0.0,0.0,0.0002470016479492,8.333333333333334,0.0001158714294433,Positivo,2.384185791015625e-07
on that note i hate word i hate pages i hate latex there i said it i hate latex all you technology relational database system can come kill me now,0.0007076263427734,0.0,1.0,0.0004005432128906,0.0,0.0,0.0,0.0,0.0,1.0,0.0002353191375732,1.6666666666666663,9.918212890625e-05,Negativo,2.384185791015625e-07
ahh back in a real text editing environment i less than latex,0.0004491806030273,0.0,0.0,0.0001623630523681,0.0,0.0,0.0,0.0,0.0,0.0,0.0002460479736328,8.333333333333334,0.0001099109649658,Positivo,4.76837158203125e-07
trouble in iran i see hmm iran iran so far away,0.0005054473876953,0.0,1.0,0.0001275539398193,0.0,0.0,0.0,0.0,0.0,1.0,0.0002377033233642,1.6666666666666663,9.918212890625e-05,Negativo,0.0
reading the tweets coming out of iran the whole thing is terrifying and incredibly sad,0.0005359649658203,0.0,1.0,0.0002362728118896,0.0,0.0,0.0,0.0,0.0,1.0,0.0002360343933105,1.6666666666666663,0.0001025199890136,Negativo,0.0
